day,time,groupName,address,city,district,codes
Sunday,6:30 AM,Keeping It Simple,3600 S. Clarkson (NE of Ch),Englewood,11,*n
Sunday,6:30 AM,No Mental Defense,1385 Carr St. (Ste 2),Lakewood,12,*n
Sunday,6:30 AM,Sunrise Serenity,"3355 S. Wadsworth #H125, 989-2816",Lakewood,30,*n
Sunday,6:45 AM,Upon Awakening,8817 S. Broadway (Ch),Highlands Ranch,11,*n
Sunday,7:00 AM,Attitude Adjustment,"1311 York St., 322-3674",Denver,13,n
Sunday,7:00 AM,Morning Reflection,5455 W. 38th Ave. Unit M,Wheat Ridge,12,*n
Sunday,7:00 AM,Rude Awakening,1117 Kimbark St.,Longmont,34,*n
Sunday,7:00 AM,Rude Rousing,1801 Sunset Pl. Ste B,Longmont,34,n
Sunday,7:30 AM,Boulder 11th Step,2425 Colorado Ave. (Ch),Boulder,24,ST*n
Sunday,7:30 AM,Early Bird,16732 E. Iliff (Shop. Ctr) 695-7766,Aurora,10,*n
Sunday,7:30 AM,Early Risers,10151 W. 26th Ave.(Restaurant),Wheat Ridge,31,*n
Sunday,7:30 AM,Fourth Dimension,10691 Melody Dr (Unit G),Northglenn,32,C*n
Sunday,7:30 AM,Morning After,3489 W. 72nd (Rm 104),Westminster,32,n
Sunday,7:30 AM,Spiritual Awakening,"3355 S. Wadsworth Blvd. #H-125, 989-2816",Lakewood,30,*n
Sunday,8:00 AM,AA Odrodzenie,2525 W. Evans Ave. (Polish 882-1038),Denver,19,nPol
Sunday,8:00 AM,Babble On,7964 S. Depew (Platte Canyon/Chatfield),Littleton,30,*n
Sunday,8:00 AM,Broomfield Sun. Morning,640 Main St. (Yellow Hs),Broomfield,32,*n
Sunday,8:00 AM,Dawn Patrol,1865 S. Pearl St.,Denver,13,*n
Sunday,8:00 AM,Old Town Group,5927 Miller St. (Ch),Arvada,31,C*n
Sunday,8:00 AM,The Basics,620 Elizabeth (Ch),Denver,13,*n
Sunday,8:00 AM,There is a Solution,23 Inverness Way East #150,Englewood,10,n
Sunday,8:30 AM,A New Day,"8250 W. 80th Ave. Unit 12, 303-420-6560",Arvada,31,Cn
Sunday,9:00 AM,231 Buckley,"15210 E 6th Ave, Unit 1, 343-4994",Aurora,10,*n
Sunday,9:00 AM,Big Book Workshop,10242 E. 16th Ave. (Upstairs) 366-3622,Aurora,16,BBn
Sunday,9:00 AM,Eye-Openers,5717 Arapahoe Ave #215,Boulder,24,*nSit
Sunday,9:00 AM,Grupo 3RA Tradicion,6401 E. 72nd Ave. #115,Commerce City,25,Spn
Sunday,9:00 AM,Power Hour,194 S. McDonnell St. (Ch),Byers,10,*n
Sunday,9:00 AM,Sofa Spuds,"10576 W. Alameda Ave. #2, 238-1229",Lakewood,19,n
Sunday,9:00 AM,Sundays Fillmore,1100 Filmore St. (Ch),Denver,13,n
Sunday,9:15 AM,Crossroads,2888 S. Heather Gardens (Clubhouse),Aurora,10,STB*n
Sunday,9:15 AM,Crossroads,2888 S. Heather Gardens (Clubhouse),Aurora,10,C*n
Sunday,9:30 AM,A Vision 4 Today,23 Inverness Way East #150,Englewood,10,*n
Sunday,9:30 AM,Arid Group,1050 Wadsworth Bl. 303-238-5693,Lakewood,12,CST*n
Sunday,9:30 AM,Sunday Sobriety,"1311 York St., 303-322-3674",Denver,13,n
Sunday,10:00 AM,Brighton #1,"147 S. 2nd Place, 303-659-9953",Brighton,9,*n
Sunday,10:00 AM,Drunks 'R Us,3600 S. Clarkson (house NE of Ch) 781-5822,Englewood,11,B*n
Sunday,10:00 AM,Fourth Dimension,10691 Melody Dr (Unit G),Northglenn,32,C*n
Sunday,10:00 AM,Group 1,"3355 S. Wadsworth #H-125, 989-2816",Lakewood,30,*n
Sunday,10:00 AM,Grupo Camino A La Sobried,1400 Joliet St.,Aurora,25,Spn
Sunday,10:00 AM,Grupo El Principio,2420 S. Federal Bl.,Denver,25,Spnn
Sunday,10:00 AM,Mountain View,8840 N. Washington (Storefront),Thornton,9,*n
Sunday,10:00 AM,On the Rocks,Red Rocks Pavilion,Morrison,29,*n
Sunday,10:00 AM,Sunday Morning,5455 W. 38th Ave. Unit M,Wheat Ridge,12,*n
Sunday,10:30 AM,Bonanza at AWOL,1865 S. Pearl St.,Denver,11,*n
Sunday,10:30 AM,Sun a.m. Serenity,1801 Sunset Pl. Ste B,Longmont,34,n
Sunday,11:00 AM,Conscious Contact,"10242 E. 16th Ave., 366-3622",Aurora,16,n
Sunday,11:00 AM,Happy Way,3885 S. Broadway (Ch bsmt),Englewood,11,n
Sunday,11:00 AM,Reality Group,1117 Kimbark St.,Longmont,34,n
Sunday,11:00 AM,Sun AM ARC Mtg,3180 Airport Rd.,Boulder,24,*
Sunday,11:00 AM,Sunday 11am,10270 S. Progress Way #B,Parker,10,n
Sunday,11:00 AM,Sunday Morning High,5717 Arapahoe Ave #215,Boulder,24,*n
Sunday,11:00 AM,Three for All,"12795 Hwy 285, S of Conifer",Conifer,29,*n
Sunday,11:00 AM,Vie-Tality,7267 N. Lowell Blvd (upstairs),Westminster,32,n
Sunday,11:00 AM,York # 1,"1311 York St., 322-3674",Denver,13,n
Sunday,11:30 AM,Grupo Aurora 97,1408 Del Mar Pkwy. Unit C,Aurora,25,Spnn
Sunday,12:00 PM,231 Buckley,"15210 E 6th Ave, Unit 1, 343-4994",Aurora,10,*n
Sunday,12:00 PM,A Better Way,9203 S. University Bl. (Ch),Highlands Ranch,11,*n
Sunday,12:00 PM,Alano,5455 W. 38th Ave. Unit M,Wheat Ridge,12,*n
Sunday,12:00 PM,Arid Group,1050 Wadsworth Bl. 303-238-5693,Lakewood,12,*n
Sunday,12:00 PM,AWOL,1865 S. Pearl St.,Denver,11,W*n
Sunday,12:00 PM,Bill's Brownbaggers,"8250 W. 80th Ave. Unit 12, 303-420-6560",Arvada,31,*n
Sunday,12:00 PM,Buckeye Easy Does It,16732 E Iliff Av (Shop Ctr) 695-7766,Aurora,10,*n
Sunday,12:00 PM,Edit Nooners,"10576 W. Alameda Ave. #2, 238-1229",Lakewood,19,n
Sunday,12:00 PM,Fourth Dimension,10691 Melody Dr (Unit G),Northglenn,32,C*n
Sunday,12:00 PM,Grupo La Ultima Cruda,9357 E. Colfax Ave. Unit E,Aurora,25,Spn
Sunday,12:00 PM,Grupo Renovacion,3458 1st Ave.,Denver,25,Spnn
Sunday,12:00 PM,Happy Hour Beginners,6315 S University (Rec Cntr),Centennial,11,B*n
Sunday,12:00 PM,Happy Hour Sunday,6400 S. University (Ch),Centennial,11,n
Sunday,12:00 PM,Little Red House,"7275 Monaco, 287-9950",Commerce City,9,n
Sunday,12:00 PM,Mountain View,8840 N. Washington (Storefront),Thornton,9,*n
Sunday,12:00 PM,Newner Meeting,3355 S. Wadsworth Bl. #H-127,Lakewood,30,B*n
Sunday,12:00 PM,Noon Workshop,23 Inverness Way East #150,Englewood,10,n
Sunday,12:30 PM,Grupo Hay Una Solucion,3180 Airpost Rd. (ARC),Boulder,25,Spn*n
Sunday,12:30 PM,High Noon,"1311 York St., 322-3674",Denver,13,Cn
Sunday,12:30 PM,Live and Let Live,"1311 York St., 322-3674",Denver,13,Gn
Sunday,1:30 PM,AWOL,1865 S. Pearl St.,Denver,11,ST*n
Sunday,2:00 PM,231 Buckley,"15210 E 6th Ave, Unit 1, 343-4994",Aurora,10,B*n
Sunday,3:00 PM,3 PM How It Works,"1311 York St., 322-3674",Denver,13,n
Sunday,3:00 PM,First Things First,1050 Wadsworth Blvd.,Lakewood,12,*n
Sunday,4:00 PM,Abundant Recovery,3600 S. Clarkson (Bldg NE of church),Englewood,11,*n
Sunday,5:00 PM,Back To Basics,6653 W. Chatfield (Ch annex),Littleton,30,CBB*n
Sunday,5:00 PM,Sober Solutions,1801 Sunset Pl. Ste B,Longmont,34,n
Sunday,5:30 PM,Always Hope,"3355 S. Wadsworth Blvd. #H-125, 989-2816",Lakewood,30,*n
Sunday,5:30 PM,Boulder Happy Hour,5717 Arapahoe Ave #215,Boulder,24,*n
Sunday,5:30 PM,Day By Day,1008 E. Hampden Ave.,Englewood,11,B*
Sunday,5:30 PM,Happy Hour Group,1117 Kimbark St.,Longmont,34,*n
Sunday,5:30 PM,Mountain View,8840 N. Washington (Storefront),Thornton,9,*n
Sunday,5:30 PM,Sunday Solution,8250 W. 80th St. #12,Arvada,31,n
Sunday,5:30 PM,The Next Step,1901 29th St. (Salv Army),Denver,9,STn
Sunday,5:30 PM,V.S.E.,29823 Troutdale Scenic Dr. (Ch),Evergreen,29,n
Sunday,5:30 PM,Vie-Tality,7267 N. Lowell Blvd (upstairs),Westminster,32,n
Sunday,5:45 PM,5:45 Happy Hour,"1311 York St., 322-3674",Denver,13,n
Sunday,5:45 PM,Buckeye Easy Does It,16732 E Iliff Av (Shop Ctr) 695-7766,Aurora,10,*n
Sunday,5:45 PM,DTC Sobriety,23 Inverness Way East #150,Englewood,10,ST*n
Sunday,5:45 PM,Women's Real Deal,"1311 York St , 322-3674",Denver,13,CWn
Sunday,6:00 PM,231 Buckley,"15210 E 6th Ave, Unit 1, 343-4994",Aurora,10,*n
Sunday,6:00 PM,Arid Group,1050 Wadsworth Bl. 303-238-5693,Lakewood,12,CA*n
Sunday,6:00 PM,AWOL,1865 S. Pearl St.,Denver,11,*n
Sunday,6:00 PM,Chix @ Six,5001 Pennsylvania St. (Ch),Boulder,24,W*n
Sunday,6:00 PM,Foundation of Willingness,"3120 Irving St (Ch rear,bsmt)",Denver,12,Cn
Sunday,6:00 PM,Gilpin County H.A.L.T.,226 East High (Ch),Central City,33,BBn
Sunday,6:00 PM,Golden #1,1500 Ford St. (Ch),Golden,33,BBn
Sunday,6:00 PM,Lilley Gulch,7964 S Depew(Platte Cyn/Chatfield),Littleton,30,B*
Sunday,6:00 PM,Little Red House,"7275 Monaco, 287-9950",Commerce City,9,n
Sunday,6:00 PM,Principles b4 Personaliti,3180 Airport Rd. (Rm 5280),Boulder,24,Wn
Sunday,6:00 PM,Second Chance,2255 S. 88th St (Hospital),Louisville,24,n
Sunday,6:00 PM,Spearheads,8300 W. Pomona Dr. (Ch),Arvada,31,*n
Sunday,6:00 PM,Sun Nite Ticket,2180 S. University Bl. (Ch),Denver,11,*n
Sunday,6:00 PM,Sunday Night Men's,3180 Airport Rd. (ARC Rm 5280),Boulder,24,CM*n
Sunday,6:00 PM,Sunday Serenity,7501 Parker Hills Ct. (Ch back door),Parker,10,STn
Sunday,6:00 PM,Womens Big Book,3700 Baseline Rd. (Ch),Boulder,24,BBWn
Sunday,6:30 PM,Bring Your Big Book,5455 W. 38th Ave. Unit M,Wheat Ridge,12,BB*n
Sunday,6:30 PM,Recovry on the Rox,6222 N. Roxborough Park Rd.,Littleton,11,
Sunday,7:00 PM,100 Alibis,"1311 York St., 303-322-3674",Denver,13,n
Sunday,7:00 PM,Any Lengths,5707 S. Simms St (Ch),Littleton,30,*n
Sunday,7:00 PM,Cherry Creek Promises,700 S. Franklin St. (Ch),Denver,13,SP*n
Sunday,7:00 PM,El Grupo Renacer,825 3rd Ave. (Ch),Longmont,25,Spnn
Sunday,7:00 PM,Fourth Dimension,10691 Melody Dr (Unit G),Northglenn,32,C*n
Sunday,7:00 PM,Grupo Renovacion,3458 1st Ave.,Denver,25,Spnn
Sunday,7:00 PM,Happy Way,3885 S. Broadway (Ch bsmt),Englewood,11,Cn
Sunday,7:00 PM,Midtowne on the Park,1280 Vine Street (Ch),Denver,13,G*n
Sunday,7:00 PM,Mountain View,8840 N. Washington (Storefront),Thornton,9,M*n
Sunday,7:00 PM,Musicians Recovery,400 S. Williams St. (Ch),Denver,13,
Sunday,7:00 PM,Six Sixteen,1601 S. Clarkson St. (Ch),Denver,11,*n
Sunday,7:00 PM,Sobriety First,615 4th St. (Ch at Lewis St),Castle Rock,10,n
Sunday,7:00 PM,Sun. Night Table Mtg,"12795 Hwy 285, S of Conifer",Conifer,29,*n
Sunday,7:00 PM,Sunday Men's,16732 E. Iliff Ave. (Shop Ctr) 695-7766,Aurora,10,CM*n
Sunday,7:00 PM,Sunday Nighters,3600 S. Clarkson (House NE of Ch),Englewood,11,*n
Sunday,7:00 PM,Sunday's Hope,4001 W. 76th Ave (Ch),Westminster,32,*n
Sunday,7:00 PM,Trudging Camels,2312 14th St. (Parish cntr),Boulder,24,*n
Sunday,7:00 PM,Vie-Tality,7267 N. Lowell Blvd (upstairs),Westminster,32,n
Sunday,7:15 PM,No Mental Defense,1385 Carr St. (Ste 2),Lakewood,12,*n
Sunday,7:30 PM,Brighton #1,"147 S. 2nd Place, 303-659-9953",Brighton,9,*n
Sunday,7:30 PM,El Nuevo Amanecer,801 S. Public Road,Lafayette,25,Spnn
Sunday,7:30 PM,Giving it Back,8997 S. Broadway (Ch),Highlands Ranch,11,SP*n
Sunday,7:30 PM,Golden #1,1500 Ford St. (Ch),Golden,33,n
Sunday,7:30 PM,Grupo Aurora 97,1408 Del Mar Pkwy. Unit C,Aurora,25,Spnn
Sunday,7:30 PM,Grupo El Alba,3133 Peoria St. #205,Denver,25,Spnn
Sunday,7:30 PM,Grupo El Buen Camino,1679 47th Ave.,Denver,25,Spn
Sunday,7:30 PM,Grupo El Principio,2420 S. Federal Bl.,Denver,25,Spnn
Sunday,7:30 PM,Grupo Honestidad,2320 E. 49th Ave.,Denver,25,Spn
Sunday,7:30 PM,Grupo Latinos Unidos,786 Peoria St. (90 mins),Aurora,25,Spn
Sunday,7:30 PM,Grupo Los Buenos Veterano,"11000 E. Yale Ave. #80, 303-671-2983",Aurora,25,Spnn
Sunday,7:30 PM,I've Had Enough,12099 Lowell Bl. (Ch),Broomfield,32,*n
Sunday,7:30 PM,Longs Peak Group,803 3rd Ave. (Ch ),Longmont,34,n
Sunday,7:30 PM,Sunday Night Live,10001 W 58th Ave (Ch @Kipling),Arvada,31,*n
Sunday,7:30 PM,Vive y Deja Vivir,9057 E. Colfax Ave. Unit E,Aurora,25,Spnn
Sunday,8:00 PM,Grupo La Ultima Cruda,9357 E. Colfax Ave. Unit E,Aurora,25,Spn
Sunday,8:00 PM,Guardian,2695 S. Franklin St. (Ch),Denver,11,C*n
Sunday,8:00 PM,Oasis Group,3355 S. Wadsworth #H-125 989-2816,Lakewood,30,C*n
Sunday,8:00 PM,The Way Out,"1155 Cherokee (Detox, Rm 103)",Denver,13,*n
Sunday,8:00 PM,Twelve Traditions,3700 Baseline Rd. (Ch.),Boulder,24,SPn
Sunday,8:30 PM,Denver Serenity,"1311 York St., 322-3674",Denver,13,BBn
Sunday,8:30 PM,Vie-Tality,7267 N. Lowell Blvd (upstairs),Westminster,32,n
Sunday,10:00 PM,10 PM Last Call,"1311 York St., 322-3674",Denver,13,CAn
Monday,5:30 AM,R U Nutz?,1865 S. Pearl St.,Denver,13,*n
Monday,6:30 AM,CR Early Risers,615 4th St. (Ch classroom),Castle Rock,10,n
Monday,6:30 AM,Early Bird,16732 E. Iliff (Shop. Ctr) 695-7766,Aurora,10,*n
Monday,6:30 AM,No Mental Defense,1385 Carr St. (Ste 2),Lakewood,12,*n
Monday,6:30 AM,Rude Rousing,1801 Sunset Pl. Ste B,Longmont,34,n
Monday,6:30 AM,Sunrise Serenity,"3355 S. Wadsworth #H125, 989-2816",Lakewood,30,*n
Monday,6:30 AM,There is a Solution,23 Inverness Way East #150,Englewood,10,n
Monday,6:30 AM,Thy Last,9830 Lone Tree Pkwy (ch),Lone Tree,16,CBBMn
Monday,6:45 AM,Crack of Dawn,"3600 S. Clarkson (Ch,NE House) 781-5822",Englewood,11,*n
Monday,6:45 AM,Daily Reflections,"23 Inverness Way East, #150",Englewood,10,*n
Monday,6:45 AM,No Name Group,200 E. Baseline Rd. (Ent W side of bldg),Lafayette,34,B*n
Monday,6:45 AM,P.P. Workshop,8545 E. Dry Creek Rd. (Ch Bsmt),Centennial,16,n
Monday,6:45 AM,Upon Awakening,8817 S. Broadway (Ch),Highlands Ranch,11,*n
Monday,7:00 AM,Attitude Adjustment,"1311 York St., 322-3674",Denver,13,n
Monday,7:00 AM,Bottoms Up,5927 Miller St. (Ch),Arvada,31,C*n
Monday,7:00 AM,Dawn Patrol,1865 S. Pearl St.,Denver,13,*n
Monday,7:00 AM,Degenerates,8250 W. 80th Ave. #12,Arvada,31,*n
Monday,7:00 AM,Eye-Openers,5717 Arapahoe Ave #215,Boulder,24,*nSit
Monday,7:00 AM,Golden Sunrise,1320 Arapahoe St. (Ch),Golden,33,STn
Monday,7:00 AM,Morning Reflection,5455 W. 38th Ave. Unit M,Wheat Ridge,12,*n
Monday,7:00 AM,Rude Awakening,1117 Kimbark St.,Longmont,34,*n
Monday,7:30 AM,First Things First,1050 Wadsworth Blvd.,Lakewood,12,*n
Monday,7:30 AM,Fourth Dimension,10691 Melody Dr (Unit G),Northglenn,32,C*n
Monday,7:30 AM,Morning After,3489 W. 72nd (Rm 104),Westminster,32,n
Monday,7:30 AM,Mountain View,8840 N. Washington (Storefront),Thornton,9,*n
Monday,8:15 AM,Franktown Friends,1959 N. Hwy 83 (Fire Sta),Franktown,10,*n
Monday,9:00 AM,Stay Together,1700 N. Wheeling St. (Hosp. Bld A 1st Fl),Aurora,9,*n
Monday,9:30 AM,A Vision 4 Today,23 Inverness Way East #150,Englewood,10,*nSit
Monday,9:30 AM,Women No Excuses,7520 S. Boulder Rd. (Ch),Boulder,24,BBW*n
Monday,10:00 AM,10 am BB Study,5455 W. 38th Ave. Unit M,Wheat Ridge,12,BB*n
Monday,10:00 AM,Artists n Recovery,1311 York St. 322-3674,Denver,13,n
Monday,10:00 AM,Fourth Dimension,10691 Melody Dr (Unit G),Northglenn,32,C*n
Monday,10:00 AM,Group 1,"3355 S. Wadsworth #H-125, 989-2816",Lakewood,30,*n
Monday,10:00 AM,Grupo El Principio,2420 S. Federal Bl.,Denver,25,Spnn
Monday,12:00 PM,231 Buckley,"15210 E 6th Ave, Unit 1, 343-4994",Aurora,10,*n
Monday,12:00 PM,A Better Way,9203 S. University Bl. (Ch),Highlands Ranch,11,B*n
Monday,12:00 PM,Alano,5455 W. 38th Ave. Unit M,Wheat Ridge,12,*n
Monday,12:00 PM,Any Lengths,5707 S. Simms St (Ch),Littleton,30,CSTW*n
Monday,12:00 PM,Arid Group,1050 Wadsworth Bl. 303-238-5693,Lakewood,12,*n
Monday,12:00 PM,AWOL,1865 S. Pearl St.,Denver,11,BB*n
Monday,12:00 PM,Bill's Brownbaggers,"8250 W. 80th Ave. Unit 12, 303-420-6560",Arvada,31,*n
Monday,12:00 PM,Boulder Nooners,5717 Arapahoe Ave #215,Boulder,24,*n
Monday,12:00 PM,Brighton #1,"147 S. 2nd Place, 303-659-9953",Brighton,9,C*n
Monday,12:00 PM,Buckeye Easy Does It,16732 E Iliff Av (Shop Ctr) 695-7766,Aurora,10,*n
Monday,12:00 PM,Came to Believe,1311 York St. 303-322-3674,Denver,13,C
Monday,12:00 PM,Circle of Friends,4881 Cherokee Dr. (Ch),Castle Rock,10,n
Monday,12:00 PM,Day By Day,1008 E. Hampden Ave.,Englewood,11,*
Monday,12:00 PM,Elizabeth Women,236 Tabor St. (Ch),Elizabeth,10,CW*n
Monday,12:00 PM,Fourth Dimension,10691 Melody Dr (Unit G),Northglenn,32,C*n
Monday,12:00 PM,Happy Trudgers,1820 Broadway (Ch annex),Denver,9,n
Monday,12:00 PM,High Noon,"1311 York St., 322-3674",Denver,13,Cn
Monday,12:00 PM,Home Girls,4705 Baseline Rd. (Ch),Boulder,24,Wn
Monday,12:00 PM,Little Red House,"7275 Monaco, 287-9950",Commerce City,9,B
Monday,12:00 PM,Liv in the Answer,9650 S. Jordan Rd. (Ch),Parker,10,ST*n
Monday,12:00 PM,Mid-day Open,10576 W. Alameda Ave. #2,Lakewood,19,*n
Monday,12:00 PM,Miracles Happen,"10242 E. 16th Ave, 366-3622",Aurora,16,BBn
Monday,12:00 PM,Mountain Nooners,"12795 Hwy 285, S of Conifer",Conifer,29,Bn
Monday,12:00 PM,Mountain View,8840 N. Washington (Storefront),Thornton,9,*n
Monday,12:00 PM,Newner Meeting,3355 S. Wadsworth Bl. #H-127,Lakewood,30,B*n
Monday,12:00 PM,No Half Measures,"3600 S. Clarkson (NE of Ch), 781-5822",Englewood,11,*n
Monday,12:00 PM,Noon Beginners,10576 W. Alameda Ave. #2,Lakewood,19,Bn
Monday,12:00 PM,Noon Workshop,23 Inverness Way East #150,Englewood,10,CBBn
Monday,12:00 PM,Other Noon Group,1801 Sunset Pl. Ste B,Longmont,34,n
Monday,12:00 PM,Pass It On,8035 S. Quebec St. (Ch),Centennial,16,Cn
Monday,12:00 PM,Return to Sanity,8300 Pomona Dr. (Ch),Arvada,31,ST*n
Monday,12:00 PM,Vie-Tality,7267 N. Lowell Blvd (upstairs),Westminster,32,n
Monday,12:00 PM,We Care,3060 S. Monaco Pkwy (Ch),Denver,16,W*n
Monday,12:00 PM,Weekday Sobriety,1117 Kimbark St.,Longmont,34,n
Monday,12:00 PM,Women Serenity,1201 S. Steele St. (ch),Denver,13,STW*n
Monday,1:00 PM,E. Hampden Women,"3800 E Hampden (Ch, comm rm)",Englewood,11,CW*n
Monday,2:00 PM,AWOL,1865 S. Pearl St.,Denver,11,*n
Monday,3:00 PM,3 PM How It Works,"1311 York St., 322-3674",Denver,13,n
Monday,3:00 PM,First Things First,1050 Wadsworth Blvd.,Lakewood,12,*n
Monday,4:00 PM,Clean Livers,5717 Arapahoe Ave #215,Boulder,24,ST*n
Monday,4:30 PM,Arid Group,1050 Wadsworth Bl. 303-238-5693,Lakewood,12,CST*n
Monday,5:00 PM,Burning Desire,122 E. William St. (McCaslin & Coal Crk),Superior,34,n
Monday,5:00 PM,Sober Solutions,1801 Sunset Pl. Ste B,Longmont,34,n
Monday,5:30 PM,5:30 Recharge,10242 E. 16th Ave (366-3622),Aurora,16,CBs
Monday,5:30 PM,Always Hope,"3355 S. Wadsworth Blvd. #H-125, 989-2816",Lakewood,30,*n
Monday,5:30 PM,AWOL,1865 S. Pearl St.,Denver,11,*n
Monday,5:30 PM,Bill & Bob's Adventure,"3600 S Clarkson (Ch, NE house)",Englewood,11,B*n
Monday,5:30 PM,Boulder Happy Hour,5717 Arapahoe Ave #215,Boulder,24,*n
Monday,5:30 PM,Day By Day,1008 E. Hampden Ave.,Englewood,11,B*
Monday,5:30 PM,Fourth Dimension,10691 Melody Dr (Unit G),Northglenn,32,CST*n
Monday,5:30 PM,Happy Hour Group,1117 Kimbark St.,Longmont,34,BB*n
Monday,5:30 PM,Mountain View,8840 N. Washington (Storefront),Thornton,9,*n
Monday,5:30 PM,People's Meeting,1669 Euclid Ave. UMC rm 102,Boulder,24,n
Monday,5:30 PM,Recovery Hour,"8250 W 80th Ave. Unit 12, 303-420-6560",Arvada,31,C*n
Monday,5:30 PM,Sisters in Serenity,3600 S. Clarkson (Bldg NE corner),Englewood,11,W*n
Monday,5:30 PM,Spirit of Recovery,"10576 W. Alameda Ave., 238-1229",Lakewood,19,n
Monday,5:30 PM,Vie-Tality,7267 N. Lowell Blvd (upstairs),Westminster,32,n
Monday,5:45 PM,5:45 Happy Hour,"1311 York St., 322-3674",Denver,13,n
Monday,5:45 PM,Buckeye Easy Does It,16732 E Iliff Av (Shop Ctr) 695-7766,Aurora,10,*n
Monday,5:45 PM,DTC Sobriety,23 Inverness Way East #150,Englewood,10,B*n
Monday,5:45 PM,Lakewood Open,9200 W. 10th Ave (Ch),Lakewood,12,B*n
Monday,5:45 PM,Recovery 101,10150 East Belleview Ave. (Ch),Greenwood Village,16,n
Monday,5:45 PM,Sunlight,324 S. Sherman St. (Ch),Denver,13,*n
Monday,6:00 PM,231 Buckley,"15210 E 6th Ave, Unit 1, 343-4994",Aurora,10,M*n
Monday,6:00 PM,Arid Group,1050 Wadsworth Bl. 303-238-5693,Lakewood,12,*n
Monday,6:00 PM,Boulder It's in the Book,7520 S. Boulder Rd. (Ch),Boulder,24,BBW*n
Monday,6:00 PM,Cherry Creek Promises,700 S. Franklin St. (Ch),Denver,13,*n
Monday,6:00 PM,Daily Reprieve,17701 W. 16th (Ch),Golden,33,*n
Monday,6:00 PM,Intervals Hilarious,6774 W. 66th Ave. (Ch),Arvada,31,C*n
Monday,6:00 PM,Lilley Gulch,7964 S Depew(Platte Cyn/Chatfield),Littleton,30,C*
Monday,6:00 PM,Little Red House,"7275 Monaco, 287-9950",Commerce City,9,B
Monday,6:00 PM,New Direction,1450 Airport Blvd. (Ch),Aurora,10,CBB*n
Monday,6:00 PM,Pathfinders,26349 Hwy 74 (Ch),Kittridge,29,*n
Monday,6:00 PM,Women Growing,15210 E.6th Ave (Unit 1) 343-4994,Aurora,10,W*n
Monday,6:00 PM,Womens BB Study,2552 Williams St. (Ch),Denver,9,BBW
Monday,6:15 PM,Monday Happy Hour,7691 S. University (Ch 1st fl NE corner),Centennial,11,Cn
Monday,6:30 PM,Alano Men's Stag,5455 W. 38th Ave. Unit M,Wheat Ridge,12,CM*n
Monday,6:30 PM,Burning Desire,122 E. William St. (McCaslin & Coal Crk),Superior,34,BBn
Monday,6:30 PM,Three for All,"12795 Hwy 285, S of Conifer",Conifer,29,BB*n
Monday,7:00 PM,Boulder Men's BB,5717 Arapahoe Ave #215,Boulder,24,BBn
Monday,7:00 PM,Boulder Women,3700 Baseline (Ch),Boulder,24,Wn
Monday,7:00 PM,Clear Creek Roadrunners,"1410 Colorado (Ch, side door)",Idaho Springs,33,CBB*n
Monday,7:00 PM,Emotional Sobriety,"1311 York St., 322-3674",Denver,13,Cn
Monday,7:00 PM,Fourth Dimension,10691 Melody Dr (Unit G),Northglenn,32,CBB*n
Monday,7:00 PM,Grupo Unidad,5717 Arapahoe Ave #215,Boulder,25,Spn
Monday,7:00 PM,Happy Way,3885 S. Broadway (Ch bsmt),Englewood,11,n
Monday,7:00 PM,It's Come To This,8131 S. Pierce St. (Ch bsmt),Littleton,30,*n
Monday,7:00 PM,Kiowa Creek AA,231 Cheyenne St. (Ch bsmt),Kiowa,10,BBn
Monday,7:00 PM,Midtowne on the Park,1280 Vine Street (Ch),Denver,13,BG*n
Monday,7:00 PM,Roaming Sisters*,1311 York St. 322-3674,Denver,13,Wn
Monday,7:00 PM,Sippers,Main & Elizabeth (Ch 1st Floor),Platteville,34,n
Monday,7:00 PM,Sobriety at Seven,"3355 S. Wadsworth #H125, 989-2816",Lakewood,30,C*n
Monday,7:00 PM,Southside Solution,6653 Chatfield Ave. (Ch),Littleton,30,CBBB*n
Monday,7:00 PM,Vie-Tality,7267 N. Lowell Blvd (upstairs),Westminster,32,Bn
Monday,7:15 PM,Beginners,16732 E. Iliff Ave (Shop. Ctr) 695-7766,Aurora,10,CST*n
Monday,7:15 PM,No Mental Defense,1385 Carr St. (Ste 2),Lakewood,12,*n
Monday,7:15 PM,Unity AA Group,1401 Spruce St (Ch),Boulder,24,n
Monday,7:30 PM,Acceptance Too,12755 W. Cedar Dr. (Ch),Lakewood,19,Cn
Monday,7:30 PM,Brighton #1,"147 S. 2nd Place, 303-659-9953",Brighton,9,CBB*n
Monday,7:30 PM,Broomfield Any Lengths,825 Kohl St (Ch. Bsmt.),Broomfield,32,Cn
Monday,7:30 PM,Castle Rock Group,2301 Woodlands Blvd. (Rec Cntr),Castle Rock,10,C*n
Monday,7:30 PM,Grupo 3RA Tradicion,6401 E. 72nd Ave. #115,Commerce City,25,Spn
Monday,7:30 PM,Grupo Aurora 97,1408 Del Mar Pkwy. Unit C,Aurora,25,Spnn
Monday,7:30 PM,Grupo Camino A La Sobried,1400 Joliet St.,Aurora,25,Spn
Monday,7:30 PM,Grupo El Alba,3133 Peoria St. #205,Denver,25,Spnn
Monday,7:30 PM,Grupo El Buen Camino,1679 47th Ave.,Denver,25,Spn
Monday,7:30 PM,Grupo El Principio,2420 S. Federal Bl.,Denver,25,Spnn
Monday,7:30 PM,Grupo Honestidad,2320 E. 49th Ave.,Denver,25,Spn
Monday,7:30 PM,Grupo Latinos Unidos,786 Peoria St. (90 mins),Aurora,25,Spn
Monday,7:30 PM,Grupo Los Buenos Veterano,"11000 E. Yale Ave. #80, 303-671-2983",Aurora,25,Spnn
Monday,7:30 PM,Grupo Nuevo Destino,1900 Harlan St.,Lakewood,25,Spn
Monday,7:30 PM,Grupo Renovacion,3458 1st Ave.,Denver,25,Spnn
Monday,7:30 PM,Grupo Solo por Hoy,7131 Irving St. #202,Denver,25,Spn
Monday,7:30 PM,Longs Peak Group,803 3rd Ave. (Ch ),Longmont,34,CSTn
Monday,7:30 PM,Lyons/St Vrain Group,4th & High St. (Oddfellows Hall),Lyons,34,*n
Monday,7:30 PM,Strasburg Sobriety,1656 Main St. (Ch),Strasburg,10,C*n
Monday,7:30 PM,Wano Group,1255 Centair Village Dr. (Ch),Lafayette,24,Cn
Monday,8:00 PM,Denver Young People,2122 S. Lafayette (Ch rear),Denver,11,Y*n
Monday,8:00 PM,Fireside,"1899 S. Irving (Ch annex, 2nd fl)",Denver,19,Cn
Monday,8:00 PM,Friends of Bill W.,700 S. Franklin St. (Ch),Denver,13,C*n
Monday,8:00 PM,Great Fact,3350 Chisholm Tr. (Clubhse),Boulder,24,CASTn
Monday,8:00 PM,Group 13,"2180 S. University Blvd (Ch, E door)",Denver,11,C*n
Monday,8:00 PM,Grupo La Ultima Cruda,9357 E. Colfax Ave. Unit E,Aurora,25,Spn
Monday,8:00 PM,H.O.W. Alano,5455 W. 38th Ave. Unit M,Wheat Ridge,12,*n
Monday,8:00 PM,How It Works,7195 Simms (Ch),Arvada,31,Cn
Monday,8:00 PM,New Life,3489 W. 72nd (Rm 104),Westminster,32,CBBn
Monday,8:00 PM,Oasis Group,3355 S. Wadsworth #H-125 989-2816,Lakewood,30,C*n
Monday,8:00 PM,Parker Monday,9650 Jordan Rd. (Ch),Parker,10,n
Monday,8:00 PM,Sho-Gro,"3701 W. 50th Ave (Ch bsmt, on Meade St.)",Denver,12,CBBn
Monday,8:00 PM,Too Young To Die,6335 S. Holly St. (Ch),Centennial,16,Y*n
Monday,8:30 PM,Freestyle,1311 York Street,Denver,13,n
Monday,8:30 PM,Vie-Tality,7267 N. Lowell Blvd (upstairs),Westminster,32,n
Monday,10:00 PM,10 PM Last Call,"1311 York St., 322-3674",Denver,13,CAn
Tuesday,5:30 AM,R U Nutz?,1865 S. Pearl St.,Denver,13,*n
Tuesday,6:30 AM,CR Early Risers,615 4th St. (Ch classroom),Castle Rock,10,Bn
Tuesday,6:30 AM,Early Bird,16732 E. Iliff (Shop. Ctr) 695-7766,Aurora,10,ST*n
Tuesday,6:30 AM,Edit Eye Openers,10576 W. Alameda Ave #2 238-1229,Lakewood,19,*n
Tuesday,6:30 AM,No Mental Defense,1385 Carr St. (Ste 2),Lakewood,12,*n
Tuesday,6:30 AM,Rude Rousing,1801 Sunset Pl. Ste B,Longmont,34,n
Tuesday,6:30 AM,Sunrise Serenity,"3355 S. Wadsworth #H125, 989-2816",Lakewood,30,ST*n
Tuesday,6:30 AM,There is a Solution,23 Inverness Way East #150,Englewood,10,n
Tuesday,6:45 AM,Crack of Dawn,"3600 S. Clarkson (Ch,NE House) 781-5822",Englewood,11,*n
Tuesday,6:45 AM,Daily Reflections,"23 Inverness Way East, #150",Englewood,10,*n
Tuesday,6:45 AM,P.P. Workshop,8545 E. Dry Creek Rd. (Ch Bsmt),Centennial,16,n
Tuesday,6:45 AM,Upon Awakening,8817 S. Broadway (Ch),Highlands Ranch,11,BB*n
Tuesday,7:00 AM,Attitude Adjustment,"1311 York St., 322-3674",Denver,13,n
Tuesday,7:00 AM,Bottoms Up,5927 Miller St. (Ch),Arvada,31,C*n
Tuesday,7:00 AM,Boulder 11th Step,2425 Colorado Ave. (Ch),Boulder,24,ST*n
Tuesday,7:00 AM,Dawn Patrol,1865 S. Pearl St.,Denver,13,*n
Tuesday,7:00 AM,Degenerates,8250 W. 80th Ave. #12,Arvada,31,*n
Tuesday,7:00 AM,Eye-Openers,5717 Arapahoe Ave #215,Boulder,24,*nSit
Tuesday,7:00 AM,Morning Reflection,5455 W. 38th Ave. Unit M,Wheat Ridge,12,*n
Tuesday,7:00 AM,Rude Awakening,1117 Kimbark St.,Longmont,34,*n
Tuesday,7:30 AM,First Things First,1050 Wadsworth Blvd.,Lakewood,12,*n
Tuesday,7:30 AM,Fourth Dimension,10691 Melody Dr (Unit G),Northglenn,32,C*n
Tuesday,7:30 AM,Morning After,3489 W. 72nd (Rm 104),Westminster,32,STn
Tuesday,7:30 AM,Mountain View,8840 N. Washington (Storefront),Thornton,9,*n
Tuesday,8:15 AM,Franktown Friends,1959 N. Hwy 83 (Fire Sta),Franktown,10,BB*n
Tuesday,9:30 AM,A Vision 4 Today,23 Inverness Way East #150,Englewood,10,*nSit
Tuesday,10:00 AM,10 am BB Study,5455 W. 38th Ave. Unit M,Wheat Ridge,12,BB*n
Tuesday,10:00 AM,Big Book Serenity,4595 Miller St. (Ch),Wheat Ridge,12,*
Tuesday,10:00 AM,Fourth Dimension,10691 Melody Dr (Unit G),Northglenn,32,C*n
Tuesday,10:00 AM,Group 1,"3355 S. Wadsworth #H-125, 989-2816",Lakewood,30,*n
Tuesday,10:00 AM,Grupo El Principio,2420 S. Federal Bl.,Denver,25,Spnn
Tuesday,12:00 PM,231 Buckley,"15210 E 6th Ave, Unit 1, 343-4994",Aurora,10,*n
Tuesday,12:00 PM,A Better Way,9203 S. University Bl. (Ch),Highlands Ranch,11,*n
Tuesday,12:00 PM,Alano,5455 W. 38th Ave. Unit M,Wheat Ridge,12,*n
Tuesday,12:00 PM,Arid Group,1050 Wadsworth Bl. 303-238-5693,Lakewood,12,*n
Tuesday,12:00 PM,AWOL,1865 S. Pearl St.,Denver,11,*n
Tuesday,12:00 PM,Between the Tracks,1117 Kimbark St.,Longmont,34,*n
Tuesday,12:00 PM,Bill's Brownbaggers,"8250 W. 80th Ave. Unit 12, 303-420-6560",Arvada,31,*n
Tuesday,12:00 PM,Boulder Nooners,5717 Arapahoe Ave #215,Boulder,24,*n
Tuesday,12:00 PM,Brighton #1,"147 S. 2nd Place, 303-659-9953",Brighton,9,*n
Tuesday,12:00 PM,Buckeye Easy Does It,16732 E Iliff Av (Shop Ctr) 695-7766,Aurora,10,*n
Tuesday,12:00 PM,Day By Day,1008 E. Hampden Ave.,Englewood,11,*
Tuesday,12:00 PM,Edit Nooners,"10576 W. Alameda Ave. #2, 238-1229",Lakewood,19,n
Tuesday,12:00 PM,Fourth Dimension,10691 Melody Dr (Unit G),Northglenn,32,C*n
Tuesday,12:00 PM,Happy Trudgers,1820 Broadway (Ch annex),Denver,9,n
Tuesday,12:00 PM,High Noon,"1311 York St., 322-3674",Denver,13,Cn
Tuesday,12:00 PM,Little Red House,"7275 Monaco, 287-9950",Commerce City,9,n
Tuesday,12:00 PM,Liv in the Answer,9650 S. Jordan Rd. (Ch),Parker,10,ST*n
Tuesday,12:00 PM,Living the Solution,3700 Baseline (Ch),Boulder,24,Wn
Tuesday,12:00 PM,Miracles Happen,"10242 E. 16th Ave, 366-3622",Aurora,16,n
Tuesday,12:00 PM,Mountain Nooners,"12795 Hwy 285, S of Conifer",Conifer,29,n
Tuesday,12:00 PM,Mountain View,8840 N. Washington (Storefront),Thornton,9,*n
Tuesday,12:00 PM,Newner Meeting,3355 S. Wadsworth Bl. #H-127,Lakewood,30,B*n
Tuesday,12:00 PM,No Half Measures,"3600 S. Clarkson (NE of Ch), 781-5822",Englewood,11,*n
Tuesday,12:00 PM,Noon Beginners,10576 W. Alameda Ave. #2,Lakewood,19,BBn
Tuesday,12:00 PM,Noon Workshop,23 Inverness Way East #150,Englewood,10,SPn
Tuesday,12:00 PM,One Step at a Time,"1311 York St., 322-3674",Denver,13,Cn
Tuesday,12:00 PM,Other Noon Group,1801 Sunset Pl. Ste B,Longmont,34,n
Tuesday,12:00 PM,Pass It On,8035 S. Quebec St. (Ch),Centennial,16,CBBn
Tuesday,12:00 PM,SpeakeasySuperior,2701 S. Indiana St.,Superior,33,Cn
Tuesday,12:00 PM,Vie-Tality,7267 N. Lowell Blvd (upstairs),Westminster,32,n
Tuesday,12:00 PM,Weekday Sobriety,1117 Kimbark St.,Longmont,34,n
Tuesday,12:15 PM,Joyful Journey,4500 E. Hampden (Ch.),Englewood,11,W*n
Tuesday,2:00 PM,AWOL,1865 S. Pearl St.,Denver,11,*n
Tuesday,3:00 PM,3 PM How It Works,"1311 York St., 322-3674",Denver,13,n
Tuesday,3:00 PM,First Things First,1050 Wadsworth Blvd.,Lakewood,12,ST*n
Tuesday,4:00 PM,Clean Livers,5717 Arapahoe Ave #215,Boulder,24,*n
Tuesday,5:00 PM,Sober Solutions,1801 Sunset Pl. Ste B,Longmont,34,n
Tuesday,5:30 PM,5:30 Recharge,10242 E. 16th Ave (366-3622),Aurora,16,CBs
Tuesday,5:30 PM,Always Hope,"3355 S. Wadsworth Blvd. #H-125, 989-2816",Lakewood,30,*n
Tuesday,5:30 PM,AWOL,1865 S. Pearl St.,Denver,11,*n
Tuesday,5:30 PM,Bill & Bob's Adventure,"3600 S Clarkson (Ch, NE house)",Englewood,11,B*n
Tuesday,5:30 PM,Boulder Happy Hour,5717 Arapahoe Ave #215,Boulder,24,*n
Tuesday,5:30 PM,Day By Day,1008 E. Hampden Ave.,Englewood,11,B*
Tuesday,5:30 PM,Fourth Dimension,10691 Melody Dr (Unit G),Northglenn,32,C*n
Tuesday,5:30 PM,Mountain View,8840 N. Washington (Storefront),Thornton,9,*n
Tuesday,5:30 PM,Recovery Hour,"8250 W 80th Ave. Unit 12, 303-420-6560",Arvada,31,C*n
Tuesday,5:30 PM,Spirit of Recovery,"10576 W. Alameda Ave., 238-1229",Lakewood,19,n
Tuesday,5:30 PM,Vie-Tality,7267 N. Lowell Blvd (upstairs),Westminster,32,n
Tuesday,5:35 PM,Bills Angels,5600 E Belleview Ave. (Ch),Greenwood Village,16,W*n
Tuesday,5:45 PM,5:45 Happy Hour,"1311 York St., 322-3674",Denver,13,n
Tuesday,5:45 PM,Buckeye Easy Does It,16732 E Iliff Av (Shop Ctr) 695-7766,Aurora,10,*n
Tuesday,5:45 PM,DTC Sobriety,23 Inverness Way East #150,Englewood,10,*n
Tuesday,5:45 PM,S.O.T.S.,"3355 S. Wadsworth #H-125, 989-2816",Lakewood,30,C*n
Tuesday,6:00 PM,231 Buckley,"15210 E 6th Ave, Unit 1, 343-4994",Aurora,10,*n
Tuesday,6:00 PM,Arid Group,1050 Wadsworth Bl. 303-238-5693,Lakewood,12,*n
Tuesday,6:00 PM,Brighton #1,"147 S. 2nd Place, 303-659-9953",Brighton,9,M*n
Tuesday,6:00 PM,Daily Reprieve,17701 W. 16th (Ch),Golden,33,*n
Tuesday,6:00 PM,Do the Deal,27772 Iris Dr. (Ch),Evergreen,29,*n
Tuesday,6:00 PM,Eleventh Steppers,9077 W. Alameda Ave. (Ch),Lakewood,19,*n
Tuesday,6:00 PM,Hope is Here,3601 S. Sherman St. (Bookstore mtg rm),Englewood,11,W*n
Tuesday,6:00 PM,Lilley Gulch,7964 S Depew(Platte Cyn/Chatfield),Littleton,30,CBB*n
Tuesday,6:00 PM,Little Red House,"7275 Monaco, 287-9950",Commerce City,9,n
Tuesday,6:00 PM,New Beginnings,"12795 Hwy 285, S of Conifer",Conifer,29,Bn
Tuesday,6:00 PM,Nine to Five,1301 E. Colfax Ave. (The Center),Denver,13,G*n
Tuesday,6:00 PM,That's Life,2201 Dexter St. (Ch),Denver,9,*n
Tuesday,6:00 PM,Tue. Nite Promises Disc.,100 Colo Blvd (Ch),Denver,16,n
Tuesday,6:30 PM,A New Life,14099 W. Jewell (Ch),Lakewood,19,BB*n
Tuesday,6:30 PM,Burning Desire,122 E. William St. (McCaslin & Coal Crk),Superior,34,STn
Tuesday,6:30 PM,Parker Women,11805 S. Pine Dr. (Ch rm104),Parker,10,Wn
Tuesday,7:00 PM,12X12@144TH,14300 Orchard Pkwy (Conf Rm),Westminster,32,*n
Tuesday,7:00 PM,24 hr Reprieve,3290 W. Milan Ave. (Ch Annex),Sheridan,30,*n
Tuesday,7:00 PM,Any Lengths,5707 S. Simms St (Ch),Littleton,30,CBB*n
Tuesday,7:00 PM,Boulder Alcoholism,1421 Spruce St. (Ch 2nd Fl),Boulder,24,n
Tuesday,7:00 PM,Campus Group,3665 Madison Ave. (Ch),Boulder,24,ST*n
Tuesday,7:00 PM,Clear Creek Roadrunner2,6th & Argentine (Comm Ctr 2nd fl),Georgetown,33,n
Tuesday,7:00 PM,Fourth Dimension,10691 Melody Dr (Unit G),Northglenn,32,C*n
Tuesday,7:00 PM,Golden Gates,25201 Golden Gate Canyon Rd.,Golden,33,n
Tuesday,7:00 PM,Grupo Unidad,5717 Arapahoe Ave #215,Boulder,25,Spn
Tuesday,7:00 PM,Happy Way,3885 S. Broadway (Ch bsmt),Englewood,11,Cn
Tuesday,7:00 PM,Keep It Simple,325 So. Banner (Ch bsmt.),Elizabeth,10,STn
Tuesday,7:00 PM,Ladies Choice,5455 W. 38th Ave. Unit M,Wheat Ridge,12,W*n
Tuesday,7:00 PM,Men's Meeting,1200 South St.(Ch bsmt #104),Castle Rock,10,CMn
Tuesday,7:00 PM,Parker Big Book,10270 S. Progress Way #B,Parker,10,CBBn
Tuesday,7:00 PM,Robbers Roost,1117 Harper St. (Brown bldg/red door),Louisville,24,CM*n
Tuesday,7:00 PM,Smoky Hill Promises,21755 E. Smoky Hill Rd. (Ch),Centennial,10,*n
Tuesday,7:00 PM,Stp'n In The Sltn,6335 S. Holly St. (Ch),Centennial,16,C*
Tuesday,7:00 PM,The Ragamuffins,1101 S. Washington St. (Ch),Denver,11,C*n
Tuesday,7:00 PM,Tornado Alley,"1311 York St., 322-3674",Denver,13,Cn
Tuesday,7:00 PM,Tri-Town Thirst Quenchers,5860 Majestic St. (Ch),Frederick,34,*n
Tuesday,7:00 PM,Tues Nite Big Book,326 Highway 119 (Ch),Nederland,24,n
Tuesday,7:00 PM,Tuesday Men's Group,1237 Pine St. (Ch),Boulder,24,M*n
Tuesday,7:00 PM,Vie-Tality,7267 N. Lowell Blvd (upstairs),Westminster,32,n
Tuesday,7:00 PM,Women in Sobriety,1200 South St (Ch bsmt #102),Castle Rock,10,Wn
Tuesday,7:00 PM,Womens Turning Point,8081 E. Orchard Rd. (Ent5 S door),Greenwood Village,16,W*n
Tuesday,7:15 PM,Buckeye Easy Does It,16732 E Iliff Av (Shop Ctr) 695-7766,Aurora,10,W*n
Tuesday,7:15 PM,High Life for Women,111 Del Mar Circle (Ch),Aurora,10,W*n
Tuesday,7:15 PM,No Mental Defense,1385 Carr St. (Ste 2),Lakewood,12,*n
Tuesday,7:30 PM,Arid Group,1050 Wadsworth Bl. 303-238-5693,Lakewood,12,GV*n
Tuesday,7:30 PM,Brighton #1,"147 S. 2nd Place, 303-659-9953",Brighton,9,B*n
Tuesday,7:30 PM,Broomfield Any Lengths,825 Kohl St (Ch. Bsmt.),Broomfield,32,STn
Tuesday,7:30 PM,Conifer Seekers,9444 Eagle Cliff Rd (Ch on Hwy 285),Conifer,29,*n
Tuesday,7:30 PM,Design for Living,1117 Kimbark St.,Longmont,34,n
Tuesday,7:30 PM,Edgewater Beginners,"8250 W 80th Ave. Unit 12, 303-420-6560",Arvada,31,*n
Tuesday,7:30 PM,Eureka,5927 Miller St. (Ch),Arvada,31,B*n
Tuesday,7:30 PM,from40oz2freedom,3600 S. Clarkson (NE bldg),Englewood,11,STY*n
Tuesday,7:30 PM,Grateful in Genesee,17 S. Mt. Vernon Country Club Rd. (Ch),Golden,33,*n
Tuesday,7:30 PM,Green Light Tuesday,1350 Washington (Ch Rm 200),Denver,13,C*n
Tuesday,7:30 PM,Grupo 3RA Tradicion,6401 E. 72nd Ave. #115,Commerce City,25,Spn
Tuesday,7:30 PM,Grupo Aurora 97,1408 Del Mar Pkwy. Unit C,Aurora,25,Spnn
Tuesday,7:30 PM,Grupo El Buen Camino,1679 47th Ave.,Denver,25,Spn
Tuesday,7:30 PM,Grupo El Nuevo Camino,825 3rd Ave. (Ch),Longmont,25,Spnn
Tuesday,7:30 PM,Grupo El Principio,2420 S. Federal Bl.,Denver,25,Spnn
Tuesday,7:30 PM,Grupo Honestidad,2320 E. 49th Ave.,Denver,25,Spn
Tuesday,7:30 PM,Grupo Latinos Unidos,786 Peoria St. (90 mins),Aurora,25,Spn
Tuesday,7:30 PM,Grupo Los Buenos Veterano,"11000 E. Yale Ave. #80, 303-671-2983",Aurora,25,Spnn
Tuesday,7:30 PM,Grupo Nuevo Destino,1900 Harlan St.,Lakewood,25,Spn
Tuesday,7:30 PM,Grupo Renovacion,3458 1st Ave.,Denver,25,Spnn
Tuesday,7:30 PM,Grupo Solo por Hoy,7131 Irving St. #202,Denver,25,Spn
Tuesday,7:30 PM,Happy Landings,7350 E. 29th Ave. #300 (Stapleton-S Door MCA bldg),Denver,9,*n
Tuesday,7:30 PM,Love and Unity,7400 W. 80th Ave. (Ch),Arvada,31,*n
Tuesday,7:30 PM,Recovery at the Ranch,1401 E Dry Creek Rd. (Ch),Centennial,11,*n
Tuesday,7:30 PM,S.S.S. Meeting,910 Longs Peak Ave. (Sr. Ctr.),Longmont,34,n
Tuesday,7:30 PM,Serene in Evergreen,28628 Buffalo Pk Rd (Ch of Hills),Evergreen,29,n
Tuesday,7:30 PM,Southside Sobriety,9203 S. University Ave. (Ch),Highlands Ranch,11,C*n
Tuesday,8:00 PM,3 Legacies Group,541 E. 99th Pl. (Ch),Thornton,9,n
Tuesday,8:00 PM,Coming To,1155 Cherokee St (detox dining rm),Denver,13,*n
Tuesday,8:00 PM,Depth and Weight,7964 S. Depew (Platte Canyon/Chatfield),Littleton,30,C*n
Tuesday,8:00 PM,Grupo La Ultima Cruda,9357 E. Colfax Ave. Unit E,Aurora,25,Spn
Tuesday,8:00 PM,Helpless No More,777 Bannock St. (Detox -4th floor E),Denver,13,B*n
Tuesday,8:00 PM,Oasis Group,3355 S. Wadsworth #H-125 989-2816,Lakewood,30,B*n
Tuesday,8:00 PM,Open Splinter,8085 E. Hampden (Ch bsmt),Denver,16,n
Tuesday,8:00 PM,Sobriety,121 Acoma (Sobriety House bsmt) 722-5746,Denver,13,n
Tuesday,8:00 PM,The 808,3180 Airport Rd. (ARC Rm 5280),Boulder,24,*n
Tuesday,8:00 PM,Tuesday 12X12,11805 S. Pine Dr.(Ch rm 144),Parker,10,CST*n
Tuesday,8:30 PM,Plug in the Jug,5455 W. 38th Ave. Unit M,Wheat Ridge,12,*n
Tuesday,8:30 PM,Spiritual Kndrgrtn,1311 York St.,Denver,13,n
Tuesday,8:30 PM,Vie-Tality,7267 N. Lowell Blvd (upstairs),Westminster,32,n
Tuesday,9:00 PM,Fourth Dimension,10691 Melody Dr (Unit G),Northglenn,32,CY*n
Tuesday,9:00 PM,Stopped in Time,16732 E. Iliff Ave. (Shop Ctr),Aurora,10,Y*n
Tuesday,10:00 PM,10 PM Last Call,"1311 York St., 322-3674",Denver,13,CASPn
Wednesday,5:30 AM,R U Nutz?,1865 S. Pearl St.,Denver,13,*n
Wednesday,6:30 AM,CR Early Risers,615 4th St. (Ch classroom),Castle Rock,10,BBn
Wednesday,6:30 AM,Early Bird,16732 E. Iliff (Shop. Ctr) 695-7766,Aurora,10,*n
Wednesday,6:30 AM,No Mental Defense,1385 Carr St. (Ste 2),Lakewood,12,*n
Wednesday,6:30 AM,Rude Rousing,1801 Sunset Pl. Ste B,Longmont,34,n
Wednesday,6:30 AM,Sunrise Serenity,"3355 S. Wadsworth #H125, 989-2816",Lakewood,30,*n
Wednesday,6:30 AM,There is a Solution,23 Inverness Way East #150,Englewood,10,n
Wednesday,6:45 AM,Crack of Dawn,"3600 S. Clarkson (Ch,NE House) 781-5822",Englewood,11,*n
Wednesday,6:45 AM,Daily Reflections,"23 Inverness Way East, #150",Englewood,10,*n
Wednesday,6:45 AM,P.P. Workshop,8545 E. Dry Creek Rd. (Ch Bsmt),Centennial,16,STn
Wednesday,6:45 AM,Upon Awakening,8817 S. Broadway (Ch),Highlands Ranch,11,*n
Wednesday,7:00 AM,Attitude Adjustment,"1311 York St., 322-3674",Denver,13,n
Wednesday,7:00 AM,Bottoms Up,5927 Miller St. (Ch),Arvada,31,C*n
Wednesday,7:00 AM,Boulder Attitude Adjustme,5717 Arapahoe Ave #215,Boulder,24,*n
Wednesday,7:00 AM,Dawn Patrol,1865 S. Pearl St.,Denver,13,*n
Wednesday,7:00 AM,Degenerates,8250 W. 80th Ave. #12,Arvada,31,*n
Wednesday,7:00 AM,Eye-Openers,5717 Arapahoe Ave #215,Boulder,24,*nSit
Wednesday,7:00 AM,Golden Sunrise,1320 Arapahoe St. (Ch),Golden,33,BBn
Wednesday,7:00 AM,Morning Reflection,5455 W. 38th Ave. Unit M,Wheat Ridge,12,n
Wednesday,7:00 AM,Rude Awakening,1117 Kimbark St.,Longmont,34,*n
Wednesday,7:30 AM,First Things First,1050 Wadsworth Blvd.,Lakewood,12,*n
Wednesday,7:30 AM,Fourth Dimension,10691 Melody Dr (Unit G),Northglenn,32,C*n
Wednesday,7:30 AM,Morning After,3489 W. 72nd (Rm 104),Westminster,32,n
Wednesday,7:30 AM,Mountain View,8840 N. Washington (Storefront),Thornton,9,*n
Wednesday,8:15 AM,Franktown Friends,1959 N. Hwy 83 (Fire Sta),Franktown,10,*n
Wednesday,9:30 AM,A Vision 4 Today,23 Inverness Way East #150,Englewood,10,*nSit
Wednesday,9:30 AM,Women No Excuses,7520 S. Boulder Rd. (Ch),Boulder,24,W*n
Wednesday,10:00 AM,10 am BB Study,5455 W. 38th Ave. Unit M,Wheat Ridge,12,BB*n
Wednesday,10:00 AM,Artists n Recovery,1311 York St. 322-3674,Denver,13,n
Wednesday,10:00 AM,Fourth Dimension,10691 Melody Dr (Unit G),Northglenn,32,C*n
Wednesday,10:00 AM,Group 1,"3355 S. Wadsworth #H-125, 989-2816",Lakewood,30,*n
Wednesday,10:00 AM,Grupo El Principio,2420 S. Federal Bl.,Denver,25,Spnn
Wednesday,12:00 PM,12@12,7964 S. Depew (Platte Cnyn/Chatfield),Littleton,30,BB*n
Wednesday,12:00 PM,231 Buckley,"15210 E 6th Ave, Unit 1, 343-4994",Aurora,10,BB*n
Wednesday,12:00 PM,A Better Way,9203 S. University Bl. (Ch),Highlands Ranch,11,BB*n
Wednesday,12:00 PM,Alano,5455 W. 38th Ave. Unit M,Wheat Ridge,12,*n
Wednesday,12:00 PM,Arid Group,1050 Wadsworth Bl. 303-238-5693,Lakewood,12,*n
Wednesday,12:00 PM,AWOL,1865 S. Pearl St.,Denver,11,*n
Wednesday,12:00 PM,Bill's Brownbaggers,"8250 W. 80th Ave. Unit 12, 303-420-6560",Arvada,31,*n
Wednesday,12:00 PM,Boulder Nooners,5717 Arapahoe Ave #215,Boulder,24,*n
Wednesday,12:00 PM,Brighton #1,"147 S. 2nd Place, 303-659-9953",Brighton,9,C*n
Wednesday,12:00 PM,Broomfield Noontimers,545 W. 10th Ave. (Ch bsmt),Broomfield,32,n
Wednesday,12:00 PM,Buckeye Easy Does It,16732 E Iliff Av (Shop Ctr) 695-7766,Aurora,10,CBB*n
Wednesday,12:00 PM,Came to Believe,1311 York St. 303-322-3674,Denver,13,C
Wednesday,12:00 PM,Day By Day,1008 E. Hampden Ave.,Englewood,11,*
Wednesday,12:00 PM,Fourth Dimension,10691 Melody Dr (Unit G),Northglenn,32,C*n
Wednesday,12:00 PM,Happy Trudgers,1820 Broadway (Ch annex),Denver,9,n
Wednesday,12:00 PM,High Noon,"1311 York St., 322-3674",Denver,13,Cn
Wednesday,12:00 PM,Home Girls,4705 Baseline Rd. (Ch),Boulder,24,Wn
Wednesday,12:00 PM,Little Red House,"7275 Monaco, 287-9950",Commerce City,9,n
Wednesday,12:00 PM,Liv in the Answer,9650 S. Jordan Rd. (Ch),Parker,10,BB*n
Wednesday,12:00 PM,Miracles Happen,"10242 E. 16th Ave, 366-3622",Aurora,16,STn
Wednesday,12:00 PM,Mountain View,8840 N. Washington (Storefront),Thornton,9,*n
Wednesday,12:00 PM,Mountain Women,5980 Hwy 73 (Ch),Evergreen,29,CWn
Wednesday,12:00 PM,Newner Meeting,3355 S. Wadsworth Bl. #H-127,Lakewood,30,B*n
Wednesday,12:00 PM,No Half Measures,"3600 S. Clarkson (NE of Ch), 781-5822",Englewood,11,*n
Wednesday,12:00 PM,Noon Beginners,10576 W. Alameda Ave. #2,Lakewood,19,Bn
Wednesday,12:00 PM,Noon Workshop,23 Inverness Way East #150,Englewood,10,Cn
Wednesday,12:00 PM,Other Noon Group,1801 Sunset Pl. Ste B,Longmont,34,n
Wednesday,12:00 PM,Pass It On,8035 S. Quebec St. (Ch),Centennial,16,Cn
Wednesday,12:00 PM,Vie-Tality,7267 N. Lowell Blvd (upstairs),Westminster,32,n
Wednesday,12:00 PM,Weekday Sobriety,1117 Kimbark St.,Longmont,34,n
Wednesday,12:00 PM,Yaya Sisterhood,9200 W. 10th Ave. (Ch),Lakewood,12,W*n
Wednesday,12:30 PM,Columbine Women,6375 S. Platte Canyon Rd. (Ch),Littleton,30,CBBWn
Wednesday,2:00 PM,12X12 Study,5455 W. 38th St. Unit M,Wheat Ridge,12,ST*n
Wednesday,2:00 PM,AWOL,1865 S. Pearl St.,Denver,11,*n
Wednesday,3:00 PM,3 PM How It Works,"1311 York St., 322-3674",Denver,13,n
Wednesday,3:00 PM,First Things First,1050 Wadsworth Blvd.,Lakewood,12,*n
Wednesday,3:30 PM,Sharin' the Book,3600 S. Clarkson St.,Englewood,11,BBn
Wednesday,4:00 PM,Clean Livers,5717 Arapahoe Ave #215,Boulder,24,BB*n
Wednesday,5:00 PM,Sober Solutions,1801 Sunset Pl. Ste B,Longmont,34,n
Wednesday,5:30 PM,5:30 Recharge,10242 E. 16th Ave (366-3622),Aurora,16,CBs
Wednesday,5:30 PM,Always Hope,"3355 S. Wadsworth Blvd. #H-125, 989-2816",Lakewood,30,*n
Wednesday,5:30 PM,AWOL,1865 S. Pearl St.,Denver,11,*n
Wednesday,5:30 PM,Bill & Bob's Adventure,"3600 S Clarkson (Ch, NE house)",Englewood,11,B*n
Wednesday,5:30 PM,Boulder Happy Hour,5717 Arapahoe Ave #215,Boulder,24,*n
Wednesday,5:30 PM,Davidson Mesa,741 Jefferson & Spuce (Ch),Louisville,24,Cn
Wednesday,5:30 PM,Day By Day,1008 E. Hampden Ave.,Englewood,11,B*
Wednesday,5:30 PM,Fourth Dimension,10691 Melody Dr (Unit G),Northglenn,32,ST*n
Wednesday,5:30 PM,Happy Hour Group,1117 Kimbark St.,Longmont,34,*n
Wednesday,5:30 PM,Longmont 4 D,1351 Collyer St. (Ch),Longmont,34,n
Wednesday,5:30 PM,Mountain View,8840 N. Washington (Storefront),Thornton,9,*n
Wednesday,5:30 PM,Recovery Hour,"8250 W 80th Ave. Unit 12, 303-420-6560",Arvada,31,BB*n
Wednesday,5:30 PM,Spirit of Recovery,"10576 W. Alameda Ave., 238-1229",Lakewood,19,n
Wednesday,5:30 PM,Stepping Up,9485 W. Colfax Ave.,Lakewood,12,
Wednesday,5:30 PM,Vie-Tality,7267 N. Lowell Blvd (upstairs),Westminster,32,n
Wednesday,5:45 PM,5:45 Happy Hour,"1311 York St., 322-3674",Denver,13,n
Wednesday,5:45 PM,Buckeye Easy Does It,16732 E Iliff Av (Shop Ctr) 695-7766,Aurora,10,CBB*n
Wednesday,5:45 PM,DTC Sobriety,23 Inverness Way East #150,Englewood,10,B*n
Wednesday,6:00 PM,231 Buckley,"15210 E 6th Ave, Unit 1, 343-4994",Aurora,10,*n
Wednesday,6:00 PM,Arid Group,1050 Wadsworth Bl. 303-238-5693,Lakewood,12,*n
Wednesday,6:00 PM,Balcony Group,27888 Meadow Dr. (The place),Evergreen,29,*n
Wednesday,6:00 PM,Big Book Buddies,5455 W. 38th Ave. Unit M,Wheat Ridge,12,CBB*n
Wednesday,6:00 PM,Brighton #1,"147 S. 2nd Place, 303-659-9953",Brighton,9,CW*n
Wednesday,6:00 PM,Cherry Creek Promises,700 S. Franklin St. (Ch),Denver,13,CST*n
Wednesday,6:00 PM,Little Red House,"7275 Monaco, 287-9950",Commerce City,9,n
Wednesday,6:00 PM,New Direction,1450 Airport Blvd. (Ch),Aurora,10,*n
Wednesday,6:00 PM,New Freedom,100 Colorado Bl. (Ch),Denver,13,BBSTn
Wednesday,6:00 PM,Nine to Five,1301 E. Colfax Ave. (The Center),Denver,13,BG*n
Wednesday,6:00 PM,Sink or Swim,7964 S. Depew St.,Littleton,30,C
Wednesday,6:00 PM,Still Willing,3100 S. Sheridan Bl. (Ch),Denver,30,C*n
Wednesday,6:30 PM,Four Horsemen,216 S. Grant St.,Denver,13,Cn
Wednesday,6:30 PM,It's In The Book,401 W. Mineral Ave. (Ch rm A3),Littleton,11,BB*n
Wednesday,6:30 PM,No Reservations,3413 Lowell Ln. (Ch),Erie,24,Cn
Wednesday,6:30 PM,Three for All,"12795 Hwy 285, S of Conifer",Conifer,29,*n
Wednesday,7:00 PM,Any Lengths,5707 S. Simms St (Ch),Littleton,30,B*n
Wednesday,7:00 PM,Day By Day,1008 E. Hampden Ave.,Englewood,11,STB*
Wednesday,7:00 PM,El Grupo Renacer,825 3rd Ave. (Ch),Longmont,25,Spnn
Wednesday,7:00 PM,Fitzsimons,1693 N. Quentin (TF Cntr),Aurora,10,*n
Wednesday,7:00 PM,Fourth Dimension,10691 Melody Dr (Unit G),Northglenn,32,C*n
Wednesday,7:00 PM,Gilpin County H.A.L.T.,226 East High (Ch),Central City,33,n
Wednesday,7:00 PM,Grupo Unidad,5717 Arapahoe Ave #215,Boulder,25,Spn
Wednesday,7:00 PM,Happy Way,3885 S. Broadway (Ch bsmt),Englewood,11,Bn
Wednesday,7:00 PM,Jaywalkers,"1311 York St., 322-3674",Denver,13,n
Wednesday,7:00 PM,Men's BB Study,8035 S. Quebec St. (Ch- Peregrine Rm),Centennial,11,CBBM*n
Wednesday,7:00 PM,Mountain View,8840 N. Washington (Storefront),Thornton,9,W*n
Wednesday,7:00 PM,Nine Mile Group,1700 Stonehenge (Ch),Lafayette,24,*n
Wednesday,7:00 PM,Saturday Night Jive,1237 Pine St. (Ch),Boulder,24,C*n
Wednesday,7:00 PM,Sobriety Topics,4425 Kipling St. (Ch),Wheat Ridge,12,SP*n
Wednesday,7:00 PM,Spin Dry,2255 So. 88th St. (Hospital),Louisville,24,*n
Wednesday,7:00 PM,There's a Solution,"397 S, Perry Park Rd. (Ch)",Sedalia,10,BB*n
Wednesday,7:00 PM,Vie-Tality,7267 N. Lowell Blvd (upstairs),Westminster,32,n
Wednesday,7:00 PM,Wed. Night Stag,12755 W. Cedar Dr. (Ch door 405),Lakewood,19,CM*n
Wednesday,7:15 PM,Beginners,16732 E. Iliff Ave (Shop. Ctr) 695-7766,Aurora,10,*n
Wednesday,7:15 PM,Old Farts,"10576 W. Alameda Ave., 238-1229",Lakewood,19,n
Wednesday,7:30 PM,Adventures in Sobriety,"3400 Lutheran Pkwy, (Bldg 6)",Wheat Ridge,12,B*n
Wednesday,7:30 PM,Arid Group,1050 Wadsworth Bl. 303-238-5693,Lakewood,12,B*n
Wednesday,7:30 PM,Big Book Study,"3600 S Clarkson (Ch, NE house) 781-5822",Englewood,11,BB*n
Wednesday,7:30 PM,Brighton #1,"147 S. 2nd Place, 303-659-9953",Brighton,9,C*n
Wednesday,7:30 PM,Broomfield Any Lengths,825 Kohl St (Ch. Bsmt.),Broomfield,32,n
Wednesday,7:30 PM,Coal Creek Canyon,5 Gross Dam Rd (United Power Bldg),Coal Creek,24,n
Wednesday,7:30 PM,Denver Men's,690 Colorado Bl. (Ch),Denver,16,CMn
Wednesday,7:30 PM,Evergreen Men,27640 Hwy 74 (Ch bldg),Evergreen,29,CBBMn
Wednesday,7:30 PM,Golden #1,1500 Ford St. (Ch),Golden,33,n
Wednesday,7:30 PM,Grupo 3RA Tradicion,6401 E. 72nd Ave. #115,Commerce City,25,Spn
Wednesday,7:30 PM,Grupo Aurora 97,1408 Del Mar Pkwy. Unit C,Aurora,25,Spnn
Wednesday,7:30 PM,Grupo Camino A La Sobried,1400 Joliet St.,Aurora,25,Spn
Wednesday,7:30 PM,Grupo El Alba,3133 Peoria St. #205,Denver,25,Spnn
Wednesday,7:30 PM,Grupo El Buen Camino,1679 47th Ave.,Denver,25,Spn
Wednesday,7:30 PM,Grupo El Principio,2420 S. Federal Bl.,Denver,25,Spnn
Wednesday,7:30 PM,Grupo Honestidad,2320 E. 49th Ave.,Denver,25,Spn
Wednesday,7:30 PM,Grupo Latinos Unidos,786 Peoria St. (90 mins),Aurora,25,Spn
Wednesday,7:30 PM,Grupo Los Buenos Veterano,"11000 E. Yale Ave. #80, 303-671-2983",Aurora,25,Spnn
Wednesday,7:30 PM,Grupo Nuevo Destino,1900 Harlan St.,Lakewood,25,Spn
Wednesday,7:30 PM,Grupo Paso 12,"10242 E. 16th Ave., 303-366-3622",Aurora,25,Spn
Wednesday,7:30 PM,Grupo Renovacion,3458 1st Ave.,Denver,25,Spnn
Wednesday,7:30 PM,Grupo Solo por Hoy,7131 Irving St. #202,Denver,25,Spn
Wednesday,7:30 PM,Livin Life,6490 Carr St. (Ch),Arvada,31,B*n
Wednesday,7:30 PM,Longmont Mens Stag,1421 Elmhurst Dr.,Longmont,34,CMn
Wednesday,7:30 PM,Longs Peak Group,803 3rd Ave. (Ch ),Longmont,34,n
Wednesday,7:30 PM,Now H.O.W.,2644 W. 32nd (Ch),Denver,12,B*n
Wednesday,7:30 PM,Pomona,8110 Vance Dr.,Arvada,31,C*n
Wednesday,7:30 PM,Quincy 2,6190 E. Quincy Ave (Ch library),Cherry Hills Village,16,Cn
Wednesday,7:30 PM,Return to Sanity,8300 Pomona Dr. (Ch),Arvada,31,*n
Wednesday,7:30 PM,Wed Nite Beginners,1237 Pine St. (Ch),Boulder,24,n
Wednesday,7:30 PM,Wednesday Men's,6774 W. 66th Ave. (Ch),Arvada,31,CM*n
Wednesday,7:30 PM,Wonderful Gift,595 S. Clinton (Auditorium/ Aspen Rm),Denver,16,BB*n
Wednesday,8:00 PM,Grupo La Ultima Cruda,9357 E. Colfax Ave. Unit E,Aurora,25,Spn
Wednesday,8:00 PM,Oasis Group,3355 S. Wadsworth #H-125 989-2816,Lakewood,30,C*n
Wednesday,8:00 PM,Pathway,1400 S. University (Ch. rear SE door),Denver,13,*n
Wednesday,8:00 PM,Too Young To Die,6335 S. Holly St. (Ch),Centennial,16,Y*n
Wednesday,8:00 PM,Wed Night Beginners,5455 W. 38th Ave. Unit M,Wheat Ridge,12,CB*n
Wednesday,8:15 PM,Practice Principles,10270 S. Progress Way #B,Parker,10,n
Wednesday,8:30 PM,Gratitude,1311 York St. 322-3674,Denver,13,n
Wednesday,8:30 PM,Longmont Group,1117 Kimbark St.,Longmont,34,CAn
Wednesday,8:30 PM,Only Requirement,1128 Pine St. (Ch),Boulder,24,*n
Wednesday,8:30 PM,Vie-Tality,7267 N. Lowell Blvd (upstairs),Westminster,32,n
Wednesday,10:00 PM,10 PM Last Call,"1311 York St., 322-3674",Denver,13,CAn
Thursday,5:30 AM,R U Nutz?,1865 S. Pearl St.,Denver,13,*n
Thursday,6:30 AM,CR Early Risers,615 4th St. (Ch classroom),Castle Rock,10,Bn
Thursday,6:30 AM,Early Bird,16732 E. Iliff (Shop. Ctr) 695-7766,Aurora,10,*n
Thursday,6:30 AM,Friends n Recovry,1693 Quentin St. (TF Cntr),Aurora,10,*n
Thursday,6:30 AM,No Mental Defense,1385 Carr St. (Ste 2),Lakewood,12,*n
Thursday,6:30 AM,Rude Rousing,1801 Sunset Pl. Ste B,Longmont,34,n
Thursday,6:30 AM,Sunrise Serenity,"3355 S. Wadsworth #H125, 989-2816",Lakewood,30,*n
Thursday,6:30 AM,There is a Solution,23 Inverness Way East #150,Englewood,10,n
Thursday,6:45 AM,Crack of Dawn,"3600 S. Clarkson (Ch,NE House) 781-5822",Englewood,11,*n
Thursday,6:45 AM,Daily Reflections,"23 Inverness Way East, #150",Englewood,10,*n
Thursday,6:45 AM,P.P. Workshop,8545 E. Dry Creek Rd. (Ch Bsmt),Centennial,16,n
Thursday,6:45 AM,Upon Awakening,8817 S. Broadway (Ch),Highlands Ranch,11,ST*n
Thursday,7:00 AM,Attitude Adjustment,"1311 York St., 322-3674",Denver,13,n
Thursday,7:00 AM,Bottoms Up,5927 Miller St. (Ch),Arvada,31,C*n
Thursday,7:00 AM,Boulder Attitude Adjustme,5717 Arapahoe Ave #215,Boulder,24,n
Thursday,7:00 AM,Dawn Patrol,1865 S. Pearl St.,Denver,13,*n
Thursday,7:00 AM,Degenerates,8250 W. 80th Ave. #12,Arvada,31,*n
Thursday,7:00 AM,Eye-Openers,5717 Arapahoe Ave #215,Boulder,24,*nSit
Thursday,7:00 AM,Morning Reflection,5455 W. 38th Ave. Unit M,Wheat Ridge,12,*n
Thursday,7:00 AM,Rude Awakening,1117 Kimbark St.,Longmont,34,*n
Thursday,7:30 AM,First Things First,1050 Wadsworth Blvd.,Lakewood,12,BB*n
Thursday,7:30 AM,Fourth Dimension,10691 Melody Dr (Unit G),Northglenn,32,C*n
Thursday,7:30 AM,Morning After,3489 W. 72nd (Rm 104),Westminster,32,n
Thursday,7:30 AM,Mountain View,8840 N. Washington (Storefront),Thornton,9,*n
Thursday,8:15 AM,Franktown Friends,1959 N. Hwy 83 (Fire Sta),Franktown,10,GV*n
Thursday,8:30 AM,Thu. Book Club,1201 S. Steele St. (Ch),Denver,13,BBW*n
Thursday,9:30 AM,A Vision 4 Today,23 Inverness Way East #150,Englewood,10,*nSit
Thursday,10:00 AM,Fourth Dimension,10691 Melody Dr (Unit G),Northglenn,32,C*n
Thursday,10:00 AM,Group 1,"3355 S. Wadsworth #H-125, 989-2816",Lakewood,30,*n
Thursday,10:00 AM,Grupo El Principio,2420 S. Federal Bl.,Denver,25,Spnn
Thursday,10:00 AM,Rocking Chair,8250 W. 80th Ave. #12,Arvada,31,*n
Thursday,11:00 AM,Step Sisters,5455 W. 38th Ave. Unit M,Wheat Ridge,12,CSTW*n
Thursday,12:00 PM,231 Buckley,"15210 E 6th Ave, Unit 1, 343-4994",Aurora,10,*n
Thursday,12:00 PM,A Better Way,9203 S. University Bl. (Ch),Highlands Ranch,11,*n
Thursday,12:00 PM,Arid Group,1050 Wadsworth Bl. 303-238-5693,Lakewood,12,*n
Thursday,12:00 PM,AWOL,1865 S. Pearl St.,Denver,11,*n
Thursday,12:00 PM,Back in the Bsmt,10576 W. Alameda Ave. #2 238-1229,Lakewood,19,W*n
Thursday,12:00 PM,Between the Tracks,1117 Kimbark St.,Longmont,34,*n
Thursday,12:00 PM,Bill's Brownbaggers,"8250 W. 80th Ave. Unit 12, 303-420-6560",Arvada,31,*n
Thursday,12:00 PM,Boulder Nooners,5717 Arapahoe Ave #215,Boulder,24,*n
Thursday,12:00 PM,Brighton #1,"147 S. 2nd Place, 303-659-9953",Brighton,9,C*n
Thursday,12:00 PM,Buckeye Easy Does It,16732 E Iliff Av (Shop Ctr) 695-7766,Aurora,10,*n
Thursday,12:00 PM,Day By Day,1008 E. Hampden Ave.,Englewood,11,*
Thursday,12:00 PM,Edit Nooners,"10576 W. Alameda Ave. #2, 238-1229",Lakewood,19,n
Thursday,12:00 PM,Fourth Dimension,10691 Melody Dr (Unit G),Northglenn,32,C*n
Thursday,12:00 PM,Happy Trudgers,1820 Broadway (Ch annex),Denver,9,n
Thursday,12:00 PM,High Noon,"1311 York St., 322-3674",Denver,13,Cn
Thursday,12:00 PM,Little Red House,"7275 Monaco, 287-9950",Commerce City,9,n
Thursday,12:00 PM,Liv in the Answer,9650 S. Jordan Rd. (Ch),Parker,10,*n
Thursday,12:00 PM,Miracles Happen,"10242 E. 16th Ave, 366-3622",Aurora,16,n
Thursday,12:00 PM,Mountain Nooners,"12795 Hwy 285, S of Conifer",Conifer,29,n
Thursday,12:00 PM,Mountain View,8840 N. Washington (Storefront),Thornton,9,*n
Thursday,12:00 PM,Newner Meeting,3355 S. Wadsworth Bl. #H-127,Lakewood,30,B*n
Thursday,12:00 PM,Next Frontier,23 Inverness Way East #150,Englewood,10,*n
Thursday,12:00 PM,No Half Measures,"3600 S. Clarkson (NE of Ch), 781-5822",Englewood,11,*n
Thursday,12:00 PM,Noon Workshop,23 Inverness Way East #150,Englewood,10,CSTn
Thursday,12:00 PM,One Step at a Time,"1311 York St., 322-3674",Denver,13,Cn
Thursday,12:00 PM,Other Noon Group,1801 Sunset Pl. Ste B,Longmont,34,n
Thursday,12:00 PM,Pass It On,8035 S. Quebec St. (Ch),Centennial,16,Cn
Thursday,12:00 PM,V.S.E.,29823 Troutdale Scenic Dr. (Ch),Evergreen,29,BBn
Thursday,12:00 PM,Vie-Tality,7267 N. Lowell Blvd (upstairs),Westminster,32,n
Thursday,12:00 PM,Weekday Sobriety,1117 Kimbark St.,Longmont,34,n
Thursday,1:00 PM,Keep It Simple,5455 W. 38th Ave. Unit M,Wheat Ridge,12,*n
Thursday,1:30 PM,Women's Steppers,"3600 S Clarkson (Ch, NE bldg), 781-5822",Englewood,11,CSTW*n
Thursday,2:00 PM,AWOL,1865 S. Pearl St.,Denver,11,*n
Thursday,3:00 PM,3 PM How It Works,"1311 York St., 322-3674",Denver,13,n
Thursday,3:00 PM,First Things First,1050 Wadsworth Blvd.,Lakewood,12,GV*n
Thursday,4:00 PM,Clean Livers,5717 Arapahoe Ave #215,Boulder,24,B*n
Thursday,5:00 PM,Sober Solutions,1801 Sunset Pl. Ste B,Longmont,34,n
Thursday,5:30 PM,5:30 Recharge,10242 E. 16th Ave (366-3622),Aurora,16,CBs
Thursday,5:30 PM,Always Hope,"3355 S. Wadsworth Blvd. #H-125, 989-2816",Lakewood,30,B*n
Thursday,5:30 PM,AWOL,1865 S. Pearl St.,Denver,11,*n
Thursday,5:30 PM,Bill & Bob's Adventure,"3600 S Clarkson (Ch, NE house)",Englewood,11,B*n
Thursday,5:30 PM,Boulder Happy Hour,5717 Arapahoe Ave #215,Boulder,24,*n
Thursday,5:30 PM,Day By Day,1008 E. Hampden Ave.,Englewood,11,B*
Thursday,5:30 PM,Fourth Dimension,10691 Melody Dr (Unit G),Northglenn,32,CW*n
Thursday,5:30 PM,Mountain View,8840 N. Washington (Storefront),Thornton,9,*n
Thursday,5:30 PM,Recovery Hour,"8250 W 80th Ave. Unit 12, 303-420-6560",Arvada,31,C*n
Thursday,5:30 PM,Spirit of Recovery,"10576 W. Alameda Ave., 238-1229",Lakewood,19,n
Thursday,5:30 PM,Vie-Tality,7267 N. Lowell Blvd (upstairs),Westminster,32,n
Thursday,5:35 PM,Caring and Sharing,6495 S. Colorado Blvd. (Ch),Centennial,11,CWn
Thursday,5:45 PM,5:45 Happy Hour,"1311 York St., 322-3674",Denver,13,n
Thursday,5:45 PM,Buckeye Easy Does It,16732 E Iliff Av (Shop Ctr) 695-7766,Aurora,10,*n
Thursday,5:45 PM,DTC Sobriety,23 Inverness Way East #150,Englewood,10,*n
Thursday,5:45 PM,S.O.T.S.,"3355 S. Wadsworth #H-125, 989-2816",Lakewood,30,B*n
Thursday,6:00 PM,11th Step Meeting,5455 W. 38th Ave. Unit M,Wheat Ridge,12,ST*n
Thursday,6:00 PM,231 Buckley,"15210 E 6th Ave, Unit 1, 343-4994",Aurora,10,*n
Thursday,6:00 PM,Arid Group,1050 Wadsworth Bl. 303-238-5693,Lakewood,12,*n
Thursday,6:00 PM,Arvada Thurs Night,5927 Miller St. (Ch),Arvada,31,C*n
Thursday,6:00 PM,Brighton #1,"147 S. 2nd Place, 303-659-9953",Brighton,9,C*n
Thursday,6:00 PM,Lilley Gulch,7964 S Depew(Platte Cyn/Chatfield),Littleton,30,*n
Thursday,6:00 PM,Little Red House,"7275 Monaco, 287-9950",Commerce City,9,n
Thursday,6:00 PM,Power Hour,194 S. McDonnell St. (Ch),Byers,10,*n
Thursday,6:00 PM,Thurs. Night Women,1100 Filmore St (Ch rm104),Denver,13,CSTWn
Thursday,6:15 PM,Denver Thursday Night,1660 Sherman St (Ch),Denver,9,STB*n
Thursday,6:30 PM,Courage to Change,1615 Ogden St. (Ch),Denver,9,BBG*n
Thursday,6:30 PM,Freedom,"3265 W. Girard, 761-7685 (ACTC Bldg, bsmt)",Sheridan,30,*n
Thursday,6:30 PM,Freedom thru Sobriety,1500 Ninth Ave. (Ch),Longmont,34,Cn
Thursday,6:30 PM,Golden Sober Sisters,2035 Ellis St. (Ch) 90 mins,Golden,33,Wn
Thursday,6:30 PM,Recovry on the Rox,6222 N. Roxborough Park Rd.,Littleton,11,C*n
Thursday,6:30 PM,The Real Deal,8085 E. Hampden (Ch),Denver,16,*n
Thursday,6:30 PM,Wano Group,1255 Centair Village Dr. (Ch),Lafayette,24,CBBn
Thursday,6:45 PM,Parker Beginners,9395 Crown Crest Blvd (Hosp Rm-Pine A),Parker,10,Bn
Thursday,7:00 PM,A Step Beyond,1500 Ford St.(Ch),Golden,33,*n
Thursday,7:00 PM,Any Lengths,5707 S. Simms St (Ch),Littleton,30,*n
Thursday,7:00 PM,AWOL,1865 S. Pearl St.,Denver,11,M*n
Thursday,7:00 PM,Clear Creek Roadrunners,"1410 Colorado (Ch, side door)",Idaho Springs,33,ST*n
Thursday,7:00 PM,Conscious Contact 2,3355 S. Wadsworth Bl. H-127,Lakewood,30,BB*n
Thursday,7:00 PM,Day By Day,1008 E. Hampden Ave.,Englewood,11,C*
Thursday,7:00 PM,Fourth Dimension,10691 Melody Dr (Unit G),Northglenn,32,C*n
Thursday,7:00 PM,Grupo Unidad,5717 Arapahoe Ave #215,Boulder,25,Spn
Thursday,7:00 PM,Happy Way,3885 S. Broadway (Ch bsmt),Englewood,11,Cn
Thursday,7:00 PM,Ladies in the Light,7520 S. Boulder Rd. (Ch),Boulder,24,Wn
Thursday,7:00 PM,Last Straw Group,19300 E. 57th Ave.,Aurora,9,*
Thursday,7:00 PM,Longmont Big Book,917 S. Main St. (Ch),Longmont,34,BB*n
Thursday,7:00 PM,Mead Group,109 3rd. St. (Guardian Angel Ch),Mead,24,*n
Thursday,7:00 PM,Mountain View,8840 N. Washington (Storefront),Thornton,9,BB*n
Thursday,7:00 PM,Real Deal Men's,8081 E. Orchard Rd. (Ent 5 -S door),Greenwood Village,16,M*n
Thursday,7:00 PM,Robbers Roost,1117 Harper St. (Brown bldg/red door),Louisville,24,CBM*n
Thursday,7:00 PM,Round Tuit,615 4th St. (Ch library),Castle Rock,10,C*n
Thursday,7:00 PM,Southland Serenity,25511 E. Smoky Hill Rd. (Ch),Aurora,10,*nSit
Thursday,7:00 PM,Spearhead,1311 York St.,Denver,13,Cn
Thursday,7:00 PM,T.W.F.N.M.,2162 Lawrence St. (table),Denver,9,*
Thursday,7:00 PM,Vie-Tality,7267 N. Lowell Blvd (upstairs),Westminster,32,BBn
Thursday,7:15 PM,Beginners,16732 E. Iliff Ave (Shop. Ctr) 695-7766,Aurora,10,B*n
Thursday,7:15 PM,No Mental Defense,1385 Carr St. (Ste 2),Lakewood,12,*n
Thursday,7:30 PM,Arid Group,1050 Wadsworth Bl. 303-238-5693,Lakewood,12,BB*n
Thursday,7:30 PM,Broomfield Any Lengths,825 Kohl St (Ch. Bsmt.),Broomfield,32,Wn
Thursday,7:30 PM,Changing Women,"8250 W. 80th Ave. #12, 420-6560",Arvada,31,W*n
Thursday,7:30 PM,Denver Thursday Night,1660 Sherman St (Ch),Denver,9,C*n
Thursday,7:30 PM,El Nuevo Amanecer,801 S. Public Road,Lafayette,25,Spnn
Thursday,7:30 PM,Evergreen Thursday,3757 Ponderosa Dr. (Ch ),Evergreen,29,n
Thursday,7:30 PM,Go to Any Lengths,3400 Lutheran Pkwy (Hosp Rec Unit),Wheat Ridge,12,*n
Thursday,7:30 PM,Grateful 2b here,8700 E. 21st Ave. (Ch / Stapleton),Denver,9,ST*n
Thursday,7:30 PM,Grupo 3RA Tradicion,6401 E. 72nd Ave. #115,Commerce City,25,Spn
Thursday,7:30 PM,Grupo Aurora 97,1408 Del Mar Pkwy. Unit C,Aurora,25,Spnn
Thursday,7:30 PM,Grupo Camino A La Sobried,1400 Joliet St.,Aurora,25,Spn
Thursday,7:30 PM,Grupo El Buen Camino,1679 47th Ave.,Denver,25,Spn
Thursday,7:30 PM,Grupo El Principio,2420 S. Federal Bl.,Denver,25,Spnn
Thursday,7:30 PM,Grupo Honestidad,2320 E. 49th Ave.,Denver,25,Spn
Thursday,7:30 PM,Grupo Latinos Unidos,786 Peoria St. (90 mins),Aurora,25,Spn
Thursday,7:30 PM,Grupo Los Buenos Veterano,"11000 E. Yale Ave. #80, 303-671-2983",Aurora,25,Spnn
Thursday,7:30 PM,Grupo Nuevo Destino,1900 Harlan St.,Lakewood,25,Spn
Thursday,7:30 PM,Grupo Renovacion,3458 1st Ave.,Denver,25,Spnn
Thursday,7:30 PM,Grupo Solo por Hoy,7131 Irving St. #202,Denver,25,Spn
Thursday,7:30 PM,Lakewood Open,9200 W. 10th Ave (Ch),Lakewood,12,ST*n
Thursday,7:30 PM,Longs Peak Group,803 3rd Ave. (Ch ),Longmont,34,CnSit
Thursday,7:30 PM,Midweek Men's Group,"1980 Dahlia St. (Ch, bsmt)",Denver,16,CM*n
Thursday,7:30 PM,Recovery at the Ranch,1401 E Dry Creek Rd. (Ch),Centennial,11,*n
Thursday,7:30 PM,Slippers & Sliders,3600 S. Clarkson St.,Englewood,11,ST*n
Thursday,7:30 PM,Sobriety,121 Acoma (Sobriety House bsmt) 722-5746,Denver,13,Bn
Thursday,7:30 PM,Strasburg Sobriety,1656 Main St. (Ch),Strasburg,10,CBB*n
Thursday,8:00 PM,Absolutely Insist,1237 Pine St. (Ch),Boulder,24,*n
Thursday,8:00 PM,Alano,5455 W. 38th Ave. Unit M,Wheat Ridge,12,ST*n
Thursday,8:00 PM,Big Bookaholics,7195 Simms St. (Ch),Arvada,31,CBB*n
Thursday,8:00 PM,Depth and Weight,7964 S. Depew (Platte Canyon/Chatfield),Littleton,30,*n
Thursday,8:00 PM,Grupo La Ultima Cruda,9357 E. Colfax Ave. Unit E,Aurora,25,Spn
Thursday,8:00 PM,Louisville Group,506 W. Via Appia (Ch),Louisville,24,Cn
Thursday,8:00 PM,Oasis Group,3355 S. Wadsworth #H-125 989-2816,Lakewood,30,C*n
Thursday,8:00 PM,Participation,3701 W. 50th Ave (Ch Bsmt),Denver,12,Cn
Thursday,8:00 PM,S.E. Sobriety,3060 S. Monaco Pkwy (Ch office Bld.- E. door),Denver,16,*n
Thursday,8:00 PM,Sobriety by the Numbers,3700 Baseline Rd. (Ch),Boulder,24,n
Thursday,8:00 PM,The Parker Group,9395 Crown Crest Blvd (Hosp- Rm Pine A),Parker,10,C*n
Thursday,8:00 PM,The Way Out,"1155 Cherokee (Detox, Rm 103)",Denver,13,*n
Thursday,8:30 PM,Vie-Tality,7267 N. Lowell Blvd (upstairs),Westminster,32,n
Thursday,8:30 PM,York # 1,"1311 York St., 322-3674",Denver,13,Cn
Thursday,10:00 PM,10 PM Last Call,"1311 York St., 322-3674",Denver,13,CAn
Friday,5:30 AM,R U Nutz?,1865 S. Pearl St.,Denver,13,*n
Friday,6:30 AM,CR Early Risers,615 4th St. (Ch classroom),Castle Rock,10,n
Friday,6:30 AM,Early Bird,16732 E. Iliff (Shop. Ctr) 695-7766,Aurora,10,T*n
Friday,6:30 AM,No Mental Defense,1385 Carr St. (Ste 2),Lakewood,12,*n
Friday,6:30 AM,Rude Rousing,1801 Sunset Pl. Ste B,Longmont,34,n
Friday,6:30 AM,Sunrise Serenity,"3355 S. Wadsworth #H125, 989-2816",Lakewood,30,*n
Friday,6:30 AM,There is a Solution,23 Inverness Way East #150,Englewood,10,n
Friday,6:45 AM,Crack of Dawn,"3600 S. Clarkson (Ch,NE House) 781-5822",Englewood,11,*n
Friday,6:45 AM,Daily Reflections,"23 Inverness Way East, #150",Englewood,10,*n
Friday,6:45 AM,P.P. Workshop,8545 E. Dry Creek Rd. (Ch Bsmt),Centennial,16,n
Friday,6:45 AM,Upon Awakening,8817 S. Broadway (Ch),Highlands Ranch,11,*n
Friday,7:00 AM,Attitude Adjustment,"1311 York St., 322-3674",Denver,13,n
Friday,7:00 AM,Bottoms Up,5927 Miller St. (Ch),Arvada,31,C*n
Friday,7:00 AM,Boulder Attitude Adjustme,5717 Arapahoe Ave #215,Boulder,24,n
Friday,7:00 AM,Dawn Patrol,1865 S. Pearl St.,Denver,13,*n
Friday,7:00 AM,Degenerates,8250 W. 80th Ave. #12,Arvada,31,*n
Friday,7:00 AM,Eye-Openers,5717 Arapahoe Ave #215,Boulder,24,*nSit
Friday,7:00 AM,Morning Reflection,5455 W. 38th Ave. Unit M,Wheat Ridge,12,*n
Friday,7:00 AM,Rude Awakening,1117 Kimbark St.,Longmont,34,*n
Friday,7:30 AM,First Things First,1050 Wadsworth Blvd.,Lakewood,12,*n
Friday,7:30 AM,Fourth Dimension,10691 Melody Dr (Unit G),Northglenn,32,C*n
Friday,7:30 AM,Morning After,3489 W. 72nd (Rm 104),Westminster,32,n
Friday,7:30 AM,Mountain View,8840 N. Washington (Storefront),Thornton,9,*n
Friday,7:30 AM,N.W. Arvada AM,7203 Simms St.,Arvada,31,*n
Friday,8:15 AM,Franktown Friends,1959 N. Hwy 83 (Fire Sta),Franktown,10,*n
Friday,9:00 AM,Stay Together,1700 N. Wheeling St. (Hosp. Bld A 1st Fl),Aurora,9,*n
Friday,9:30 AM,A Vision 4 Today,23 Inverness Way East #150,Englewood,10,*nSit
Friday,9:30 AM,Women No Excuses,7520 S. Boulder Rd. (Ch),Boulder,24,W*n
Friday,10:00 AM,11th Step Meeting,5455 W. 38th Ave. Unit M,Wheat Ridge,12,ST*n
Friday,10:00 AM,Big Book Serenity,4595 Miller St. (Ch),Wheat Ridge,12,*
Friday,10:00 AM,Fourth Dimension,10691 Melody Dr (Unit G),Northglenn,32,C*n
Friday,10:00 AM,Group 1,"3355 S. Wadsworth #H-125, 989-2816",Lakewood,30,*n
Friday,10:00 AM,Grupo El Principio,2420 S. Federal Bl.,Denver,25,Spnn
Friday,12:00 PM,231 Buckley,"15210 E 6th Ave, Unit 1, 343-4994",Aurora,10,*n
Friday,12:00 PM,A Better Way,9203 S. University Bl. (Ch),Highlands Ranch,11,*n
Friday,12:00 PM,Alano,5455 W. 38th Ave. Unit M,Wheat Ridge,12,*n
Friday,12:00 PM,Arid Group,1050 Wadsworth Bl. 303-238-5693,Lakewood,12,*n
Friday,12:00 PM,AWOL,1865 S. Pearl St.,Denver,11,*n
Friday,12:00 PM,Beyond Alcohol,3138 S. Parker Rd. (Ch),Aurora,10,Cn
Friday,12:00 PM,Bill's Brownbaggers,"8250 W. 80th Ave. Unit 12, 303-420-6560",Arvada,31,*n
Friday,12:00 PM,Boulder Nooners,5717 Arapahoe Ave #215,Boulder,24,SP*n
Friday,12:00 PM,Brighton #1,"147 S. 2nd Place, 303-659-9953",Brighton,9,C*n
Friday,12:00 PM,Buckeye Easy Does It,16732 E Iliff Av (Shop Ctr) 695-7766,Aurora,10,*n
Friday,12:00 PM,Came to Believe,1311 York St. 303-322-3674,Denver,13,C
Friday,12:00 PM,Day By Day,1008 E. Hampden Ave.,Englewood,11,*
Friday,12:00 PM,Fourth Dimension,10691 Melody Dr (Unit G),Northglenn,32,C*n
Friday,12:00 PM,Happy Trudgers,1820 Broadway (Ch annex),Denver,9,n
Friday,12:00 PM,High Noon,"1311 York St., 322-3674",Denver,13,Cn
Friday,12:00 PM,Home Girls,4705 Baseline Rd. (Ch),Boulder,24,CWn
Friday,12:00 PM,Little Red House,"7275 Monaco, 287-9950",Commerce City,9,n
Friday,12:00 PM,Liv in the Answer,9650 S. Jordan Rd. (Ch),Parker,10,*n
Friday,12:00 PM,Mid-day Open,10576 W. Alameda Ave. #2,Lakewood,19,*n
Friday,12:00 PM,Miracles Happen,"10242 E. 16th Ave, 366-3622",Aurora,16,n
Friday,12:00 PM,Mountain View,8840 N. Washington (Storefront),Thornton,9,*n
Friday,12:00 PM,New Attitudes,9998 Havekost Rd. (Ch),Conifer,29,n
Friday,12:00 PM,Newner Meeting,3355 S. Wadsworth Bl. #H-127,Lakewood,30,B*n
Friday,12:00 PM,No Half Measures,"3600 S. Clarkson (NE of Ch), 781-5822",Englewood,11,ST*n
Friday,12:00 PM,Noon Beginners,10576 W. Alameda Ave. #2,Lakewood,19,Bn
Friday,12:00 PM,Noon Workshop,23 Inverness Way East #150,Englewood,10,Cn
Friday,12:00 PM,Other Noon Group,1801 Sunset Pl. Ste B,Longmont,34,n
Friday,12:00 PM,Pass It On,8035 S. Quebec St. (Ch),Centennial,16,Bn
Friday,12:00 PM,Return to Sanity,8300 Pomona Dr. (Ch),Arvada,31,BB*n
Friday,12:00 PM,Vie-Tality,7267 N. Lowell Blvd (upstairs),Westminster,32,n
Friday,12:00 PM,Weekday Sobriety,1117 Kimbark St.,Longmont,34,n
Friday,12:00 PM,Women in Recovery,23 Inverness Way East #150,Englewood,10,W*n
Friday,1:00 PM,Daytimers,6322 S. Lakeview St. (Ch),Littleton,11,C*n
Friday,1:30 PM,Little Red House,"7275 Monaco, 287-9950",Commerce City,9,BBWn
Friday,2:00 PM,AWOL,1865 S. Pearl St.,Denver,11,*n
Friday,3:00 PM,3 PM How It Works,"1311 York St., 322-3674",Denver,13,n
Friday,3:00 PM,First Things First,1050 Wadsworth Blvd.,Lakewood,12,*n
Friday,4:00 PM,Clean Livers,5717 Arapahoe Ave #215,Boulder,24,*n
Friday,5:00 PM,Sober Solutions,1801 Sunset Pl. Ste B,Longmont,34,n
Friday,5:30 PM,5:30 Recharge,10242 E. 16th Ave (366-3622),Aurora,16,CBs
Friday,5:30 PM,Always Hope,"3355 S. Wadsworth Blvd. #H-125, 989-2816",Lakewood,30,*n
Friday,5:30 PM,AWOL,1865 S. Pearl St.,Denver,11,*n
Friday,5:30 PM,Bill & Bob's Adventure,"3600 S Clarkson (Ch, NE house)",Englewood,11,B*n
Friday,5:30 PM,Boulder Happy Hour,5717 Arapahoe Ave #215,Boulder,24,*n
Friday,5:30 PM,Davidson Mesa,741 Jefferson & Spuce (Ch),Louisville,24,n
Friday,5:30 PM,Day By Day,1008 E. Hampden Ave.,Englewood,11,B*
Friday,5:30 PM,Fourth Dimension,10691 Melody Dr (Unit G),Northglenn,32,C*n
Friday,5:30 PM,Happy Hour Group,1117 Kimbark St.,Longmont,34,*n
Friday,5:30 PM,Longmont 4 D,1351 Collyer St. (Ch),Longmont,34,n
Friday,5:30 PM,Mountain View,8840 N. Washington (Storefront),Thornton,9,*n
Friday,5:30 PM,Recovery Hour,"8250 W 80th Ave. Unit 12, 303-420-6560",Arvada,31,C*n
Friday,5:30 PM,Spirit of Recovery,"10576 W. Alameda Ave., 238-1229",Lakewood,19,n
Friday,5:30 PM,Vie-Tality,7267 N. Lowell Blvd (upstairs),Westminster,32,n
Friday,5:45 PM,5:45 Happy Hour,"1311 York St., 322-3674",Denver,13,n
Friday,5:45 PM,Buckeye Easy Does It,16732 E Iliff Av (Shop Ctr) 695-7766,Aurora,10,*n
Friday,5:45 PM,DTC Sobriety,23 Inverness Way East #150,Englewood,10,*n
Friday,5:45 PM,S.O.T.S.,"3355 S. Wadsworth #H-125, 989-2816",Lakewood,30,C*n
Friday,6:00 PM,231 Buckley,"15210 E 6th Ave, Unit 1, 343-4994",Aurora,10,ST*n
Friday,6:00 PM,Arid Group,1050 Wadsworth Bl. 303-238-5693,Lakewood,12,*n
Friday,6:00 PM,Daily Reprieve,17701 W. 16th (Ch),Golden,33,B*n
Friday,6:00 PM,Friday 11 Step Study,10306 W. Bowles Ave. (Ch Annex),Littleton,30,CST*n
Friday,6:00 PM,Just Got Paid,11805 Pine Dr. (Ch),Parker,10,n
Friday,6:00 PM,Little Red House,"7275 Monaco, 287-9950",Commerce City,9,n
Friday,6:00 PM,Nine to Five,1301 E. Colfax Ave. (The Center),Denver,13,G*n
Friday,6:00 PM,Pathfinders,26349 Hwy 74 (Ch),Kittridge,29,*n
Friday,6:00 PM,Simple Solutions,5455 W. 38th Ave. Unit M,Wheat Ridge,12,B*n
Friday,6:00 PM,Sink or Swim,7964 S. Depew St.,Littleton,30,C
Friday,6:30 PM,Clean and Serene,12795 Hwy 285 (4mi S of Conifer),Conifer,29,*n
Friday,6:30 PM,Four Horsemen,216 S. Grant St.,Denver,13,CSTBn
Friday,7:00 PM,Boulder 4 D,1421 Spruce St. (Ch bsmt),Boulder,24,BBn
Friday,7:00 PM,Clear Creek Roadrunners,"1410 Colorado (Ch, side door)",Idaho Springs,33,C*n
Friday,7:00 PM,Fourth Dimension,10691 Melody Dr (Unit G),Northglenn,32,C*n
Friday,7:00 PM,Fri Night Spirits,4380 Utica St. (Ch),Denver,13,BGn
Friday,7:00 PM,Happy Way,3885 S. Broadway (Ch bsmt),Englewood,11,n
Friday,7:00 PM,Hour of Hope,2551 W. 84th Ave. (Hosp Conf Rm),Westminster,32,*n
Friday,7:00 PM,Keep It Simple,325 So. Banner (Ch bsmt.),Elizabeth,10,n
Friday,7:00 PM,Nederland Group,326 Hwy 119 (Catholic Ch.),Nederland,24,n
Friday,7:00 PM,Sobriety,121 Acoma (Sobriety House bsmt) 722-5746,Denver,13,BBn
Friday,7:00 PM,Sobriety at Seven,"3355 S. Wadsworth #H125, 989-2816",Lakewood,30,C*n
Friday,7:00 PM,V.A. New Beginnings,"1055 Clermont (Hosp bsmt, auditorium)",Denver,16,*n
Friday,7:00 PM,Vie-Tality,7267 N. Lowell Blvd (upstairs),Westminster,32,n
Friday,7:00 PM,Working with Others,1311 York St. 303-322-3674,Denver,13,Cn
Friday,7:15 PM,Beginners,16732 E. Iliff Ave (Shop. Ctr) 695-7766,Aurora,10,CBB*n
Friday,7:15 PM,No Mental Defense,1385 Carr St. (Ste 2),Lakewood,12,*n
Friday,7:30 PM,Arvada #1,5855 Wadsworth Bypass Bldg B,Arvada,31,SP*n
Friday,7:30 PM,Basic Text,3737 New Hope Way (Ch),Castle Rock,10,C*n
Friday,7:30 PM,Brighton #1,"147 S. 2nd Place, 303-659-9953",Brighton,9,CGV*n
Friday,7:30 PM,Broomfield Any Lengths,825 Kohl St (Ch. Bsmt.),Broomfield,32,n
Friday,7:30 PM,El Nuevo Amanecer,801 S. Public Road,Lafayette,25,Spnn
Friday,7:30 PM,Erie Group # 1,604 Holbrook (Ch Annex),Erie,24,*n
Friday,7:30 PM,Friday Night Open,14099 W. Jewell Ave. (Ch),Lakewood,19,*n
Friday,7:30 PM,Grupo 3RA Tradicion,6401 E. 72nd Ave. #115,Commerce City,25,Spn
Friday,7:30 PM,Grupo Aurora 97,1408 Del Mar Pkwy. Unit C,Aurora,25,Spnn
Friday,7:30 PM,Grupo El Alba,3133 Peoria St. #205,Denver,25,Spnn
Friday,7:30 PM,Grupo El Buen Camino,1679 47th Ave.,Denver,25,Spn
Friday,7:30 PM,Grupo El Principio,2420 S. Federal Bl.,Denver,25,Spnn
Friday,7:30 PM,Grupo Honestidad,2320 E. 49th Ave.,Denver,25,Spn
Friday,7:30 PM,Grupo Latinos Unidos,786 Peoria St. (90 mins),Aurora,25,Spn
Friday,7:30 PM,Grupo Los Buenos Veterano,"11000 E. Yale Ave. #80, 303-671-2983",Aurora,25,Spnn
Friday,7:30 PM,Grupo Nuevo Destino,1900 Harlan St.,Lakewood,25,Spn
Friday,7:30 PM,Grupo Paso 12,"10242 E. 16th Ave., 303-366-3622",Aurora,25,Spn
Friday,7:30 PM,Grupo Renovacion,3458 1st Ave.,Denver,25,Spnn
Friday,7:30 PM,Grupo Solo por Hoy,7131 Irving St. #202,Denver,25,Spn
Friday,7:30 PM,Here's HOW,21755 E. Smoky Hill Rd. (Ch),Centennial,10,*n
Friday,7:30 PM,Keep Coming Back,350 11th Ave. (Ch ),Longmont,34,*n
Friday,7:30 PM,La Nueva Vida,231 S. Osceola St. (Pvt Hs),Denver,30,*n
Friday,7:30 PM,Language of the Heart,8817 S. Broadway (Ch),Highlands Ranch,11,CAGV*n
Friday,7:30 PM,School of Hard Knox,"7275 Monaco, 287-9950",Commerce City,9,n
Friday,8:00 PM,231 Buckley,"15210 E 6th Ave, Unit 1, 343-4994",Aurora,10,*n
Friday,8:00 PM,As We See It,5455 W. 38th Ave. Unit M,Wheat Ridge,12,*n
Friday,8:00 PM,Bailey Group,106 Rosalie Rd. (Ch),Bailey,5,C
Friday,8:00 PM,Denver Young People,2122 S. Lafayette (Ch rear),Denver,11,BY*n
Friday,8:00 PM,Fri. Night Life,10270 S. Progress Way #B,Parker,10,*n
Friday,8:00 PM,Grupo La Ultima Cruda,9357 E. Colfax Ave. Unit E,Aurora,25,Spn
Friday,8:00 PM,Old Kent,3690 Cherry Creek S. Dr. (Ch),Denver,13,SPn
Friday,8:00 PM,Puttin' Sober,3489 W. 72nd Ave. #104,Westminster,32,*n
Friday,8:00 PM,Serenity,6400 S. University Blvd. (Ch),Littleton,11,C*n
Friday,8:00 PM,Valmont Victors,3262 N. 61st Rd. (Ch),Boulder,24,*n
Friday,8:30 PM,Denver Serenity,"1311 York St., 322-3674",Denver,13,n
Friday,8:30 PM,Oasis Group,3355 S. Wadsworth #H-125 989-2816,Lakewood,30,SP*n
Friday,8:30 PM,Vie-Tality,7267 N. Lowell Blvd (upstairs),Westminster,32,n
Friday,9:00 PM,Stopped in Time,16732 E. Iliff Ave. (Shop Ctr),Aurora,10,Y*n
Friday,9:30 PM,Wind at My Back,23 Inverenss Way East #150,Englewood,10,CA*n
Friday,10:00 PM,10 PM Last Call,"1311 York St., 322-3674",Denver,13,CAn
Friday,10:00 PM,Ten Or So,3489 W. 72nd Ave. #104,Westminster,32,CAn
Saturday,6:30 AM,CR Early Risers,615 4th St. (Ch classroom),Castle Rock,10,n
Saturday,6:30 AM,No Mental Defense,1385 Carr St. (Ste 2),Lakewood,12,*n
Saturday,6:30 AM,Sunrise Serenity,"3355 S. Wadsworth #H125, 989-2816",Lakewood,30,*n
Saturday,6:30 AM,Three for All,"12795 Hwy 285, S of Conifer",Conifer,29,*n
Saturday,6:45 AM,P.P. Workshop,8545 E. Dry Creek Rd. (Ch Bsmt),Centennial,16,BBn
Saturday,6:45 AM,Upon Awakening,8817 S. Broadway (Ch),Highlands Ranch,11,*n
Saturday,6:45 AM,Upon Awakening,8817 S. Broadway (Ch),Highlands Ranch,11,B*
Saturday,7:00 AM,Attitude Adjustment,"1311 York St., 322-3674",Denver,13,n
Saturday,7:00 AM,Bottoms Up,5927 Miller St. (Ch),Arvada,31,C*n
Saturday,7:00 AM,Morning Reflection,5455 W. 38th Ave. Unit M,Wheat Ridge,12,*n
Saturday,7:00 AM,Rude Awakening,1117 Kimbark St.,Longmont,34,*n
Saturday,7:00 AM,Rude Rousing,1801 Sunset Pl. Ste B,Longmont,34,n
Saturday,7:30 AM,First Things First,1050 Wadsworth Blvd.,Lakewood,12,*n
Saturday,7:30 AM,Fourth Dimension,10691 Melody Dr (Unit G),Northglenn,32,C*n
Saturday,7:30 AM,Morning After,3489 W. 72nd (Rm 104),Westminster,32,n
Saturday,7:30 AM,Parker Sat. 12X12,7051 E. Parker Hills Ct. (Ch),Parker,10,STn
Saturday,7:30 AM,Spiritual Awakening,"3355 S. Wadsworth Blvd. #H-125, 989-2816",Lakewood,30,*n
Saturday,8:00 AM,Dawn Patrol,1865 S. Pearl St.,Denver,13,*n
Saturday,8:00 AM,Early Bird,16732 E. Iliff (Shop. Ctr) 695-7766,Aurora,10,*n
Saturday,8:00 AM,Eye-Openers,5717 Arapahoe Ave #215,Boulder,24,*n
Saturday,8:00 AM,Franklin Pierce Men's AA,27640 Hwy 74 (Ch bldg),Evergreen,29,CMn
Saturday,8:00 AM,God Power,3601 S. Sherman (bookstore mtg rm),Englewood,11,W*n
Saturday,8:00 AM,Men's Acceptance,5707 S. Simms (Ch bsmt),Littleton,30,M*n
Saturday,8:00 AM,Morning Gift,3600 S. Clarkson (NE of Ch) 781-5822,Englewood,11,*n
Saturday,8:00 AM,Mountain View,8840 N. Washington (Storefront),Thornton,9,M*n
Saturday,8:00 AM,Six Sixteen,1601 S. Clarkson St. (Ch),Denver,11,*n
Saturday,8:00 AM,SOS Men's Meeting,Hwy73/Buffalo Pk Rd (Ch),Evergreen,29,CMn
Saturday,8:00 AM,Step 11,23 Inverness Way East #150,Englewood,16,ST*
Saturday,8:00 AM,The Pluggers,8250 W. 80th Ave. Unit 12 303-420-6560,Arvada,31,*n
Saturday,8:00 AM,There is a Solution,23 Inverness Way East #150,Englewood,10,n
Saturday,8:30 AM,Mens Big Book,9203 S. University Bl. (Ch),Highlands Ranch,11,BBM*n
Saturday,9:00 AM,231 Buckley,"15210 E 6th Ave, Unit 1, 343-4994",Aurora,10,*n
Saturday,9:00 AM,Being Convinced,690 Colorado Blvd. (Ch),Denver,16,n
Saturday,9:00 AM,Franktown Friends,1959 N. Hwy 83 (Fire Sta),Franktown,10,*n
Saturday,9:00 AM,Golden Sober Sisters,2035 Ellis St. (Ch) 90 mins,Golden,33,STWn
Saturday,9:00 AM,Happy Way,3885 S. Broadway (Ch bsmt),Englewood,11,n
Saturday,9:00 AM,Mountain Women,5980 Hwy 73 (Ch),Evergreen,29,WnSit
Saturday,9:00 AM,Newcomers Friends,"1311 York St., 322-3674",Denver,13,Bn
Saturday,9:00 AM,Parker Men's,7051 E. Parker Hills Ct. (Ch),Parker,10,M*n
Saturday,9:00 AM,Sober Sisters,550 East Wolfensberger Rd. (fellowship hall) (Ch),Castle Rock,10,CBBWn
Saturday,9:00 AM,Steps,2029 Larimer St. (Main rm),Denver,9,B*n
Saturday,9:30 AM,A Vision 4 Today,23 Inverness Way East #150,Englewood,10,*n
Saturday,9:30 AM,Cracker Factory,19580 E. Pilgrims Pl. (Ch ),Parker,10,CWn
Saturday,9:30 AM,Four Horsemen*,1311 York St.,Denver,13,CSTn
Saturday,9:30 AM,Mountain View,8840 N. Washington (Storefront),Thornton,9,W*n
Saturday,9:30 AM,Women and Solution,803 3rd Ave.,Longmont,34,W*n
Saturday,10:00 AM,Cherry Creek Promises,700 S. Franklin St. (Ch),Denver,13,*nSit
Saturday,10:00 AM,Day By Day,1008 E. Hampden Ave.,Englewood,11,W*
Saturday,10:00 AM,Fourth Dimension,10691 Melody Dr (Unit G),Northglenn,32,C*n
Saturday,10:00 AM,Group 1,"3355 S. Wadsworth #H-125, 989-2816",Lakewood,30,*n
Saturday,10:00 AM,Grupo El Principio,2420 S. Federal Bl.,Denver,25,Spnn
Saturday,10:00 AM,Park Hill Sobriety,1980 Dahlia (Ch. bsmt),Denver,16,*nSit
Saturday,10:00 AM,Saturday Serenity,1335 Francis St. (Ch),Longmont,34,n
Saturday,10:30 AM,Arid Group,1050 Wadsworth Bl. 303-238-5693,Lakewood,12,*n
Saturday,10:30 AM,Fire Without Smoke,5717 Arapahoe Ave #215,Boulder,24,*n
Saturday,10:30 AM,Saturday Step,7275 S. Broadway (Ch bsmt),Littleton,11,CST*n
Saturday,11:00 AM,Emotional Sobriety,"1311 York St., 322-3674",Denver,13,Cn
Saturday,11:00 AM,Sisters of Sobriety,"3355 S. Wadsworth #H-125, 989-2816",Lakewood,30,W*n
Saturday,11:00 AM,Speakeasy Meeting,"12795 Hwy 285, S of Conifer",Conifer,29,n
Saturday,11:30 AM,Grupo Aurora 97,1408 Del Mar Pkwy. Unit C,Aurora,25,Spnn
Saturday,12:00 PM,231 Buckley,"15210 E 6th Ave, Unit 1, 343-4994",Aurora,10,*n
Saturday,12:00 PM,A Better Way,9203 S. University Bl. (Ch),Highlands Ranch,11,*n
Saturday,12:00 PM,Alano,5455 W. 38th Ave. Unit M,Wheat Ridge,12,*n
Saturday,12:00 PM,AWOL,1865 S. Pearl St.,Denver,11,*n
Saturday,12:00 PM,Bill's Brownbaggers,"8250 W. 80th Ave. Unit 12, 303-420-6560",Arvada,31,*n
Saturday,12:00 PM,Boulder Nooners,5717 Arapahoe Ave #215,Boulder,24,*n
Saturday,12:00 PM,Brighton #1,"147 S. 2nd Place, 303-659-9953",Brighton,9,*n
Saturday,12:00 PM,Buckeye Easy Does It,16732 E Iliff Av (Shop Ctr) 695-7766,Aurora,10,*n
Saturday,12:00 PM,Clear Creek Roadrunners,"1410 Colorado (Ch, side door)",Idaho Springs,33,*n
Saturday,12:00 PM,Day By Day,1008 E. Hampden Ave.,Englewood,11,*
Saturday,12:00 PM,Edit Nooners,"10576 W. Alameda Ave. #2, 238-1229",Lakewood,19,n
Saturday,12:00 PM,Fourth Dimension,10691 Melody Dr (Unit G),Northglenn,32,C*n
Saturday,12:00 PM,Happy Hour Saturday,6335 So. Holly (Ch),Littleton,16,*n
Saturday,12:00 PM,High Noon,"1311 York St., 322-3674",Denver,13,n
Saturday,12:00 PM,Little Red House,"7275 Monaco, 287-9950",Commerce City,9,n
Saturday,12:00 PM,Miracles Happen,"10242 E. 16th Ave, 366-3622",Aurora,16,Bn
Saturday,12:00 PM,Mountain View,8840 N. Washington (Storefront),Thornton,9,*n
Saturday,12:00 PM,Newner Meeting,3355 S. Wadsworth Bl. #H-127,Lakewood,30,B*n
Saturday,12:00 PM,No Half Measures,"3600 S. Clarkson (NE of Ch), 781-5822",Englewood,11,ST*n
Saturday,12:00 PM,Noon Workshop,23 Inverness Way East #150,Englewood,10,n
Saturday,12:00 PM,Vie-Tality,7267 N. Lowell Blvd (upstairs),Westminster,32,n
Saturday,12:15 PM,Free To Be Me,6724 S. Webster (Ch),Littleton,30,W*n
Saturday,2:00 PM,231 Buckley,"15210 E 6th Ave, Unit 1, 343-4994",Aurora,10,B*n
Saturday,2:00 PM,AWOL,1865 S. Pearl St.,Denver,11,*n
Saturday,2:00 PM,Happy Way,3885 S. Broadway (Ch bsmt),Englewood,11,Bn
Saturday,3:00 PM,3 PM How It Works,"1311 York St., 322-3674",Denver,13,n
Saturday,3:00 PM,First Things First,1050 Wadsworth Blvd.,Lakewood,12,*n
Saturday,5:00 PM,AWOL,1865 S. Pearl St.,Denver,11,B*n
Saturday,5:00 PM,Sober Solutions,1801 Sunset Pl. Ste B,Longmont,34,n
Saturday,5:30 PM,Always Hope,"3355 S. Wadsworth Blvd. #H-125, 989-2816",Lakewood,30,*n
Saturday,5:30 PM,Boulder Happy Hour,5717 Arapahoe Ave #215,Boulder,24,*n
Saturday,5:30 PM,Day By Day,1008 E. Hampden Ave.,Englewood,11,B*
Saturday,5:30 PM,Happy Hour Group,1117 Kimbark St.,Longmont,34,*n
Saturday,5:30 PM,Lilley Gulch,7964 S Depew(Platte Cyn/Chatfield),Littleton,30,*n
Saturday,5:30 PM,Mountain View,8840 N. Washington (Storefront),Thornton,9,*n
Saturday,5:30 PM,Vie-Tality,7267 N. Lowell Blvd (upstairs),Westminster,32,STn
Saturday,5:45 PM,5:45 Happy Hour,"1311 York St., 322-3674",Denver,13,n
Saturday,5:45 PM,Buckeye Easy Does It,16732 E Iliff Av (Shop Ctr) 695-7766,Aurora,10,*n
Saturday,5:45 PM,Courage to Change,1615 Ogden St. (Ch),Denver,9,G*n
Saturday,5:45 PM,DTC Sobriety,23 Inverness Way East #150,Englewood,10,*n
Saturday,6:00 PM,231 Buckley,"15210 E 6th Ave, Unit 1, 343-4994",Aurora,10,*n
Saturday,6:00 PM,Arid Group,1050 Wadsworth Bl. 303-238-5693,Lakewood,12,*n
Saturday,6:00 PM,Little Red House,"7275 Monaco, 287-9950",Commerce City,9,n
Saturday,6:30 PM,Clean and Serene,12795 Hwy 285 (4mi S of Conifer),Conifer,29,*n
Saturday,7:00 PM,Castle Rock 12X12,615 4th St. (Ch),Castle Rock,10,STn
Saturday,7:00 PM,El Grupo Renacer,825 3rd Ave. (Ch),Longmont,25,Spnn
Saturday,7:00 PM,Fourth Dimension,10691 Melody Dr (Unit G),Northglenn,32,C*n
Saturday,7:00 PM,Grupo El Nuevo Camino,825 3rd Ave. (Ch),Longmont,25,Spnn
Saturday,7:00 PM,Just another 24,10270 S. Progress Way #B,Parker,10,*n
Saturday,7:00 PM,Mile High Speaker,2136 Champa Street (Salv Army),Denver,9,SP*n
Saturday,7:00 PM,Pine Street Group,1128 Pine St. (Ch),Boulder,24,n
Saturday,7:00 PM,Sat Nite Seekers,3290 S. Tower Rd. (Ch),Aurora,10,*n
Saturday,7:00 PM,Sat Nite Speakers,"8250 W. 80th Ave. Unit 12, 303-420-6560",Arvada,31,SP*n
Saturday,7:00 PM,Sat Nite York,1311 York St. 322-3674,Denver,13,n
Saturday,7:00 PM,Vie-Tality,7267 N. Lowell Blvd (upstairs),Westminster,32,n
Saturday,7:15 PM,Buckeye Easy Does It,16732 E Iliff Av (Shop Ctr) 695-7766,Aurora,10,SP*n
Saturday,7:30 PM,Back to Basics,"3600 S Clarkson (Ch, NE house) 781-5822",Englewood,11,*n
Saturday,7:30 PM,Bright Side,23 Inverness Way East #150,Englewood,10,SP*n
Saturday,7:30 PM,Brighton #1,"147 S. 2nd Place, 303-659-9953",Brighton,9,*n
Saturday,7:30 PM,El Nuevo Amanecer,801 S. Public Road,Lafayette,25,Spnn
Saturday,7:30 PM,Fellowship Speakers,"10242 E. 16th Ave, 366-3622",Aurora,16,SPn
Saturday,7:30 PM,Grupo 3RA Tradicion,6401 E. 72nd Ave. #115,Commerce City,25,Spn
Saturday,7:30 PM,Grupo Aurora 97,1408 Del Mar Pkwy. Unit C,Aurora,25,Spnn
Saturday,7:30 PM,Grupo El Alba,3133 Peoria St. #205,Denver,25,Spnn
Saturday,7:30 PM,Grupo El Buen Camino,1679 47th Ave.,Denver,25,Spn
Saturday,7:30 PM,Grupo El Principio,2420 S. Federal Bl.,Denver,25,Spnn
Saturday,7:30 PM,Grupo Honestidad,2320 E. 49th Ave.,Denver,25,Spn
Saturday,7:30 PM,Grupo Latinos Unidos,786 Peoria St. (90 mins),Aurora,25,Spn
Saturday,7:30 PM,Grupo Los Buenos Veterano,"11000 E. Yale Ave. #80, 303-671-2983",Aurora,25,Spnn
Saturday,7:30 PM,Grupo Paso 12,"10242 E. 16th Ave., 303-366-3622",Aurora,25,Spn
Saturday,7:30 PM,Grupo Renovacion,3458 1st Ave.,Denver,25,Spnn
Saturday,7:30 PM,Grupo Solo por Hoy,7131 Irving St. #202,Denver,25,Spn
Saturday,7:30 PM,I've Had Enough,12099 Lowell Bl. (Ch),Broomfield,32,*n
Saturday,7:30 PM,Longs Peak Group,803 3rd Ave. (Ch ),Longmont,34,CAn
Saturday,7:30 PM,No-Name Group,"400 S. Williams (Church, rear, N door)",Denver,13,*n
Saturday,7:30 PM,Saturday Night Jive,1237 Pine St. (Ch),Boulder,24,SPB*nSit
Saturday,7:30 PM,Sweet Sobriety,6673 W Chatfield (Ch upstairs),Littleton,30,SPn
Saturday,7:30 PM,Vive y Deja Vivir,9057 E. Colfax Ave. Unit E,Aurora,25,Spnn
Saturday,8:00 PM,Adventures in Sobriety,"3400 Lutheran Pkwy, (Bldg 6)",Wheat Ridge,12,B*n
Saturday,8:00 PM,Arid Group,1050 Wadsworth Bl. 303-238-5693,Lakewood,12,SP*n
Saturday,8:00 PM,Grupo La Ultima Cruda,9357 E. Colfax Ave. Unit E,Aurora,25,Spn
Saturday,8:00 PM,Oasis Group,3355 S. Wadsworth #H-125 989-2816,Lakewood,30,C*n
Saturday,8:00 PM,Saturday Night South,2290 S. Clayton (Church bsmt.),Denver,11,n
Saturday,8:00 PM,Someone Cares,5455 W. 38th Ave. Unit M,Wheat Ridge,12,SP*n
Saturday,8:30 PM,Denver Serenity,"1311 York St., 322-3674",Denver,13,SPn
Saturday,8:30 PM,Vie-Tality,7267 N. Lowell Blvd (upstairs),Westminster,32,n
Saturday,8:45 PM,"Not You, It's Me",23 Inverness Way East #150,Englewood,10,Y
Saturday,9:00 PM,Fourth Dimension,10691 Melody Dr (Unit G),Northglenn,32,CY*n
Saturday,10:00 PM,10 PM Last Call,"1311 York St., 322-3674",Denver,13,CAn
Saturday,10:00 PM,The Ten,3355 S. Wadsworth Bl. #H-127,Lakewood,30,*n
Saturday,11:58 PM,2 mins 2 Midnight,1193 S. Bannock St.,Denver,13,*n
